103;0;0;16973;8;0.25;0.25;0.125;0.0;0.0;0.375;0.5;0.875;0;3696
252;5;1;10297;7;0.14285715;0.14285715;0.2857143;0.2857143;0.0;0.14285715;0.5714286;1.0;0;15363
347;1;0;55650;34;0.23529412;0.1764706;0.1764706;0.11764706;0.0882353;0.20588236;0.44117647;0.64705884;0;97540
82;1;0;6527;20;0.35;0.05;0.2;0.15;0.1;0.15;0.3;0.95;0;14074
440;3;1;49629;25;0.28;0.08;0.12;0.2;0.16;0.16;0.32;0.44;0;94267
71;2;1;61127;9;0.11111111;0.22222222;0.33333334;0.11111111;0.22222222;0.0;0.33333334;0.44444445;0;13948
472;5;0;73823;15;0.26666668;0.0;0.26666668;0.06666667;0.26666668;0.13333334;0.33333334;0.26666668;0;44183
171;1;0;88862;21;0.0;0.14285715;0.23809524;0.14285715;0.2857143;0.1904762;0.23809524;0.0952381;0;73990
180;5;0;67013;31;0.19354838;0.06451613;0.19354838;0.12903225;0.2580645;0.16129032;0.48387095;0.32258064;0;96036
25;2;0;4066;7;0.2857143;0.14285715;0.14285715;0.14285715;0.0;0.2857143;0.71428573;0.85714287;0;1976
135;0;0;47351;37;0.1891892;0.1891892;0.16216215;0.16216215;0.054054055;0.24324325;0.35135135;0.5675676;0;79507
281;3;0;7590;47;0.14893617;0.06382979;0.25531915;0.21276596;0.12765957;0.19148937;0.40425533;0.9574468;0;94747
333;3;1;83892;33;0.15151516;0.121212125;0.18181819;0.15151516;0.15151516;0.24242425;0.42424244;0.21212122;0;92157
337;0;1;57029;6;0.16666667;0.5;0.16666667;0.0;0.16666667;0.0;0.5;0.6666667;0;24302
431;0;1;38084;33;0.21212122;0.27272728;0.030303031;0.09090909;0.15151516;0.24242425;0.57575756;0.6060606;0;88383
269;1;0;83473;12;0.25;0.16666667;0.0;0.33333334;0.16666667;0.083333336;0.41666666;0.16666667;0;38679
230;2;0;39999;38;0.18421052;0.15789473;0.21052632;0.13157895;0.10526316;0.21052632;0.34210527;0.28947368;0;44508
322;1;0;55517;10;0.3;0.1;0.1;0.3;0.1;0.1;0.3;0.4;0;52360
402;4;0;93680;13;0.0;0.30769232;0.07692308;0.15384616;0.07692308;0.3846154;0.30769232;0.07692308;0;29087
449;4;1;52288;7;0.42857143;0.0;0.0;0.2857143;0.0;0.2857143;0.2857143;0.42857143;0;86876
51;3;1;52141;13;0.23076923;0.15384616;0.15384616;0.30769232;0.07692308;0.07692308;0.30769232;0.3846154;0;62515
425;5;0;73394;34;0.1764706;0.0882353;0.20588236;0.11764706;0.20588236;0.20588236;0.47058824;0.2647059;0;72581
77;0;1;63994;6;0.0;0.0;0.16666667;0.6666667;0.16666667;0.0;0.0;0.5;1;4905
242;2;0;58489;13;0.07692308;0.07692308;0.46153846;0.15384616;0.15384616;0.07692308;0.30769232;0.61538464;0;31969
467;3;1;41229;46;0.13043478;0.08695652;0.17391305;0.23913044;0.2173913;0.1521739;0.39130434;0.45652175;0;42186
439;1;1;51344;39;0.15384616;0.25641027;0.12820514;0.23076923;0.025641026;0.20512821;0.46153846;0.3846154;0;86934
237;1;1;59548;30;0.13333334;0.16666667;0.13333334;0.13333334;0.26666668;0.16666667;0.2;0.5;0;73378
436;0;0;14770;14;0.21428572;0.35714287;0.071428575;0.071428575;0.14285715;0.14285715;0.2857143;0.71428573;0;63916
471;5;0;79017;49;0.14285715;0.20408164;0.24489796;0.12244898;0.1632653;0.12244898;0.3877551;0.14285715;0;63122
72;0;0;61701;26;0.115384616;0.23076923;0.15384616;0.15384616;0.26923078;0.07692308;0.34615386;0.26923078;0;53248
486;1;0;9447;19;0.05263158;0.2631579;0.2631579;0.10526316;0.15789473;0.15789473;0.2631579;0.94736844;0;22406
408;5;0;80985;35;0.2857143;0.114285715;0.08571429;0.22857143;0.114285715;0.17142858;0.37142858;0.14285715;0;95796
292;4;0;67126;44;0.13636364;0.13636364;0.22727273;0.18181819;0.18181819;0.13636364;0.47727272;0.3409091;0;84571
209;0;0;82477;4;0.25;0.0;0.0;0.25;0.5;0.0;0.25;0.0;0;4438
433;3;0;15910;36;0.1388889;0.1388889;0.33333334;0.027777778;0.1388889;0.22222222;0.33333334;0.8888889;0;74285
52;1;1;33079;24;0.16666667;0.20833333;0.125;0.125;0.16666667;0.20833333;0.20833333;0.7083333;0;5098
124;5;0;92347;9;0.11111111;0.22222222;0.11111111;0.33333334;0.11111111;0.11111111;0.33333334;0.11111111;0;58432
263;3;0;2755;34;0.05882353;0.1764706;0.14705883;0.23529412;0.11764706;0.2647059;0.5;0.9705882;0;90828
374;3;0;62688;28;0.17857143;0.21428572;0.21428572;0.10714286;0.17857143;0.10714286;0.42857143;0.4642857;0;87511
411;1;0;4900;33;0.15151516;0.18181819;0.15151516;0.18181819;0.18181819;0.15151516;0.42424244;1.0;0;87055
91;1;0;24189;7;0.42857143;0.14285715;0.14285715;0.0;0.14285715;0.14285715;0.2857143;0.5714286;0;2275
206;5;1;4014;8;0.0;0.375;0.0;0.125;0.25;0.25;0.125;0.875;0;4472
73;5;0;60731;7;0.42857143;0.2857143;0.14285715;0.0;0.14285715;0.0;0.14285715;0.42857143;0;5004
302;0;1;60216;34;0.11764706;0.2647059;0.05882353;0.14705883;0.14705883;0.2647059;0.29411766;0.47058824;0;78409
209;3;0;85645;13;0.15384616;0.07692308;0.07692308;0.07692308;0.30769232;0.30769232;0.3846154;0.15384616;0;88232
430;5;1;77627;21;0.1904762;0.2857143;0.14285715;0.0952381;0.0952381;0.1904762;0.52380955;0.1904762;0;84400
257;5;0;42946;18;0.2777778;0.055555556;0.11111111;0.11111111;0.2777778;0.16666667;0.33333334;0.6111111;0;55541
68;1;1;52591;18;0.055555556;0.11111111;0.22222222;0.22222222;0.2777778;0.11111111;0.44444445;0.5;0;89210
435;0;1;3031;8;0.0;0.375;0.25;0.25;0.125;0.0;0.375;1.0;0;3016
75;1;1;77106;16;0.1875;0.0625;0.25;0.125;0.1875;0.1875;0.3125;0.1875;0;11438
50;4;1;34585;6;0.0;0.33333334;0.16666667;0.16666667;0.16666667;0.16666667;0.5;0.6666667;0;56277
161;2;1;49584;3;0.0;0.33333334;0.33333334;0.0;0.33333334;0.0;1.0;0.6666667;0;21171
18;5;0;83261;28;0.17857143;0.14285715;0.25;0.071428575;0.14285715;0.21428572;0.53571427;0.14285715;0;87375
365;5;0;68670;49;0.12244898;0.24489796;0.14285715;0.12244898;0.1632653;0.20408164;0.3877551;0.42857143;0;96205
14;0;0;18207;7;0.14285715;0.0;0.42857143;0.0;0.14285715;0.2857143;0.14285715;0.71428573;0;4782
341;3;0;3852;47;0.12765957;0.19148937;0.14893617;0.19148937;0.21276596;0.12765957;0.29787233;0.9361702;0;96735
227;2;0;13407;37;0.1891892;0.027027028;0.13513513;0.16216215;0.16216215;0.3243243;0.3783784;0.8108108;0;88113
137;0;0;35510;16;0.1875;0.125;0.3125;0.125;0.1875;0.0625;0.25;0.6875;0;70540
373;0;0;30749;14;0.21428572;0.071428575;0.35714287;0.071428575;0.071428575;0.21428572;0.2857143;0.64285713;0;5064
194;3;0;35684;16;0.125;0.0;0.25;0.3125;0.125;0.1875;0.5;0.5625;0;79537
296;4;0;58618;5;0.4;0.4;0.0;0.0;0.2;0.0;0.6;0.2;0;8048
407;4;0;64572;20;0.15;0.2;0.15;0.15;0.1;0.25;0.6;0.35;0;67189
311;1;0;21612;39;0.102564104;0.17948718;0.20512821;0.102564104;0.2820513;0.12820514;0.46153846;0.7692308;0;94124
115;0;1;52490;28;0.21428572;0.21428572;0.14285715;0.071428575;0.14285715;0.21428572;0.32142857;0.4642857;0;85535
184;0;0;71321;33;0.18181819;0.18181819;0.15151516;0.24242425;0.15151516;0.09090909;0.6060606;0.3939394;0;94214
402;5;0;37875;5;0.4;0.2;0.0;0.4;0.0;0.0;0.8;0.6;0;7322
371;5;0;68844;47;0.17021276;0.10638298;0.21276596;0.12765957;0.12765957;0.25531915;0.40425533;0.38297874;0;82196
335;1;1;84607;2;0.0;0.0;0.0;1.0;0.0;0.0;0.5;0.0;0;39004
22;1;1;32004;44;0.1590909;0.25;0.1590909;0.1590909;0.11363637;0.1590909;0.36363637;0.72727275;0;50667
356;2;0;20849;17;0.3529412;0.11764706;0.1764706;0.11764706;0.11764706;0.11764706;0.1764706;0.8235294;0;5536
81;0;0;24043;8;0.125;0.125;0.125;0.25;0.125;0.25;0.5;0.5;0;11676
295;4;0;84471;7;0.42857143;0.0;0.14285715;0.0;0.0;0.42857143;0.5714286;0.0;0;11339
407;4;0;38258;34;0.20588236;0.1764706;0.14705883;0.11764706;0.1764706;0.1764706;0.38235295;0.61764705;0;74704
247;0;0;25450;32;0.1875;0.1875;0.0625;0.15625;0.21875;0.1875;0.4375;0.75;0;87948
498;1;0;2309;26;0.15384616;0.07692308;0.07692308;0.1923077;0.26923078;0.23076923;0.1923077;1.0;0;83104
332;1;0;52122;20;0.15;0.3;0.1;0.05;0.25;0.15;0.4;0.45;0;17505
362;5;0;85694;29;0.13793103;0.06896552;0.20689656;0.1724138;0.2413793;0.1724138;0.41379312;0.20689656;0;78843
427;1;0;56270;21;0.14285715;0.0952381;0.33333334;0.0952381;0.23809524;0.0952381;0.52380955;0.33333334;0;91504
434;5;1;79452;11;0.36363637;0.18181819;0.09090909;0.18181819;0.18181819;0.0;0.18181819;0.36363637;1;13391
179;0;0;39452;20;0.15;0.25;0.25;0.1;0.1;0.15;0.4;0.6;0;40113
89;5;0;54159;6;0.33333334;0.16666667;0.0;0.0;0.16666667;0.33333334;0.0;0.16666667;1;2317
107;2;0;77128;17;0.23529412;0.11764706;0.1764706;0.11764706;0.23529412;0.11764706;0.29411766;0.23529412;0;12801
17;3;0;59134;34;0.14705883;0.20588236;0.11764706;0.2647059;0.20588236;0.05882353;0.2647059;0.5882353;0;81648
290;1;1;31497;43;0.046511628;0.13953489;0.30232558;0.20930232;0.11627907;0.18604651;0.3255814;0.60465115;0;80880
428;5;0;37335;18;0.11111111;0.33333334;0.11111111;0.11111111;0.16666667;0.16666667;0.5;0.6111111;0;16475
327;0;0;27923;13;0.23076923;0.0;0.07692308;0.23076923;0.3846154;0.07692308;0.3846154;0.6923077;0;85781
260;2;1;79416;29;0.27586207;0.13793103;0.2413793;0.1724138;0.03448276;0.13793103;0.41379312;0.31034482;0;96193
473;1;0;43970;45;0.2;0.17777778;0.13333334;0.13333334;0.17777778;0.17777778;0.26666668;0.4888889;0;80490
421;2;0;61385;9;0.11111111;0.11111111;0.11111111;0.11111111;0.44444445;0.11111111;0.5555556;0.11111111;0;70531
446;4;0;59356;30;0.2;0.1;0.23333333;0.16666667;0.16666667;0.13333334;0.5;0.46666667;0;84659
499;3;1;64523;6;0.0;0.33333334;0.0;0.0;0.33333334;0.33333334;0.16666667;0.0;1;61143
298;0;1;81723;12;0.16666667;0.25;0.25;0.083333336;0.16666667;0.083333336;0.33333334;0.16666667;0;5059
459;3;0;30254;30;0.2;0.13333334;0.2;0.2;0.1;0.16666667;0.26666668;0.8;0;97392
278;5;1;95285;14;0.14285715;0.14285715;0.071428575;0.21428572;0.2857143;0.14285715;0.5;0.0;1;93705
57;1;1;88083;43;0.23255815;0.023255814;0.11627907;0.1627907;0.23255815;0.23255815;0.39534885;0.093023255;0;90841
195;1;0;71175;28;0.14285715;0.14285715;0.14285715;0.21428572;0.035714287;0.32142857;0.5;0.14285715;0;82426
492;4;0;38450;46;0.19565217;0.06521739;0.26086956;0.08695652;0.17391305;0.2173913;0.4347826;0.65217394;0;98979
254;3;0;84252;10;0.2;0.0;0.5;0.1;0.0;0.2;0.6;0.2;0;26506
382;4;1;93328;32;0.1875;0.21875;0.125;0.125;0.25;0.09375;0.375;0.03125;0;93894
393;2;1;24380;32;0.125;0.15625;0.125;0.25;0.125;0.21875;0.4375;0.71875;0;98486
232;1;0;79757;10;0.0;0.0;0.4;0.2;0.2;0.2;0.7;0.0;0;52620
459;1;1;23044;12;0.083333336;0.0;0.33333334;0.083333336;0.41666666;0.083333336;0.25;0.8333333;0;93537
40;5;0;11431;17;0.11764706;0.29411766;0.11764706;0.05882353;0.05882353;0.3529412;0.23529412;0.7058824;0;48689
106;2;0;37832;16;0.1875;0.125;0.25;0.125;0.1875;0.125;0.125;0.75;0;20219
438;5;0;34799;46;0.2173913;0.10869565;0.17391305;0.19565217;0.1521739;0.1521739;0.36956522;0.6956522;0;94605
159;3;0;83655;23;0.04347826;0.17391305;0.13043478;0.13043478;0.13043478;0.39130434;0.5217391;0.2173913;0;88364
490;0;0;50205;4;0.5;0.25;0.25;0.0;0.0;0.0;1.0;0.5;0;5110
133;0;1;20044;24;0.125;0.20833333;0.25;0.29166666;0.041666668;0.083333336;0.375;0.75;0;97066
183;1;0;69119;18;0.2777778;0.22222222;0.055555556;0.16666667;0.11111111;0.16666667;0.33333334;0.16666667;0;6293
430;1;1;84550;18;0.055555556;0.16666667;0.16666667;0.22222222;0.11111111;0.2777778;0.44444445;0.055555556;0;60277
14;5;0;42618;23;0.13043478;0.08695652;0.17391305;0.13043478;0.26086956;0.2173913;0.5217391;0.73913044;0;86039
155;2;0;5582;32;0.125;0.09375;0.25;0.1875;0.15625;0.1875;0.375;1.0;0;94355
247;2;0;52835;11;0.18181819;0.09090909;0.27272728;0.0;0.27272728;0.18181819;0.36363637;0.45454547;0;19145
439;4;0;91432;44;0.20454545;0.25;0.13636364;0.1590909;0.11363637;0.13636364;0.3409091;0.09090909;0;84416
491;3;0;93010;27;0.18518518;0.2962963;0.11111111;0.074074075;0.18518518;0.14814815;0.37037036;0.0;0;84035
463;1;1;63967;16;0.125;0.1875;0.0625;0.1875;0.3125;0.125;0.125;0.375;0;6275
257;4;0;38566;42;0.071428575;0.0952381;0.21428572;0.1904762;0.26190478;0.16666667;0.30952382;0.6666667;0;93437
188;2;0;97171;44;0.11363637;0.27272728;0.11363637;0.1590909;0.20454545;0.13636364;0.36363637;0.022727273;0;71461
295;1;0;43873;3;0.33333334;0.33333334;0.0;0.33333334;0.0;0.0;0.33333334;1.0;0;4988
93;2;0;39299;48;0.22916667;0.125;0.1875;0.14583333;0.14583333;0.16666667;0.29166666;0.5833333;0;61385
400;2;0;68129;20;0.3;0.15;0.1;0.15;0.15;0.15;0.5;0.4;0;82125
273;3;1;59355;36;0.19444445;0.1388889;0.19444445;0.19444445;0.083333336;0.19444445;0.44444445;0.41666666;0;95167
411;4;0;46651;29;0.10344828;0.06896552;0.20689656;0.1724138;0.13793103;0.31034482;0.37931034;0.51724136;0;88635
327;1;1;7670;40;0.275;0.225;0.15;0.075;0.125;0.15;0.325;0.925;0;87817
325;0;1;47083;13;0.0;0.07692308;0.15384616;0.23076923;0.3846154;0.15384616;0.30769232;0.46153846;0;89826
403;3;0;50018;37;0.10810811;0.10810811;0.3783784;0.16216215;0.10810811;0.13513513;0.3243243;0.3243243;0;68755
413;1;0;94802;14;0.14285715;0.21428572;0.21428572;0.14285715;0.14285715;0.14285715;0.5;0.0;0;25149
302;0;1;41140;25;0.16;0.08;0.28;0.16;0.2;0.12;0.32;0.64;0;88609
73;2;0;24396;21;0.0952381;0.1904762;0.04761905;0.0952381;0.33333334;0.23809524;0.3809524;0.52380955;0;94481
37;3;1;32650;26;0.26923078;0.1923077;0.15384616;0.07692308;0.1923077;0.115384616;0.3846154;0.6923077;0;79636
97;0;0;87348;3;0.0;0.33333334;0.0;0.0;0.33333334;0.33333334;0.6666667;0.33333334;0;3260
234;2;1;39139;8;0.125;0.25;0.125;0.25;0.125;0.125;0.625;0.5;0;14392
193;2;0;92355;27;0.22222222;0.18518518;0.11111111;0.18518518;0.11111111;0.18518518;0.22222222;0.0;0;32421
75;5;0;76857;37;0.27027026;0.027027028;0.10810811;0.1891892;0.1891892;0.21621622;0.4864865;0.16216215;0;80452
372;1;0;14124;40;0.2;0.175;0.1;0.225;0.125;0.175;0.35;0.85;0;50800
288;4;0;44060;12;0.083333336;0.25;0.41666666;0.083333336;0.083333336;0.083333336;0.41666666;0.75;0;26443
357;5;0;14226;49;0.18367347;0.24489796;0.18367347;0.1632653;0.08163265;0.14285715;0.3877551;0.8979592;0;96947
443;0;0;89226;30;0.26666668;0.3;0.13333334;0.033333335;0.1;0.16666667;0.43333334;0.16666667;0;68207
340;4;0;11269;23;0.13043478;0.04347826;0.2173913;0.3043478;0.17391305;0.13043478;0.3478261;0.9130435;0;80705
87;2;0;94318;24;0.25;0.041666668;0.125;0.125;0.16666667;0.29166666;0.20833333;0.041666668;0;75068
24;0;0;3271;39;0.17948718;0.12820514;0.25641027;0.12820514;0.12820514;0.17948718;0.33333334;1.0;0;85711
28;2;1;58019;25;0.12;0.2;0.16;0.16;0.16;0.2;0.36;0.68;0;82592
158;0;0;10876;21;0.04761905;0.23809524;0.14285715;0.23809524;0.23809524;0.0952381;0.3809524;0.71428573;0;71818
54;1;0;42443;37;0.10810811;0.13513513;0.1891892;0.21621622;0.1891892;0.16216215;0.27027026;0.7837838;0;74998
167;5;1;89556;30;0.06666667;0.2;0.06666667;0.33333334;0.13333334;0.2;0.36666667;0.1;0;90880
76;2;1;94880;14;0.21428572;0.21428572;0.071428575;0.14285715;0.0;0.35714287;0.21428572;0.0;0;2901
99;4;1;12023;43;0.13953489;0.093023255;0.25581396;0.20930232;0.1627907;0.13953489;0.3488372;0.90697676;0;91867
101;1;1;59821;9;0.22222222;0.0;0.0;0.22222222;0.33333334;0.22222222;0.11111111;0.22222222;0;14467
472;0;1;89700;8;0.25;0.125;0.0;0.0;0.375;0.25;0.625;0.0;0;69718
69;1;0;82408;14;0.071428575;0.2857143;0.071428575;0.2857143;0.14285715;0.14285715;0.42857143;0.21428572;0;82452
222;3;1;54267;43;0.23255815;0.13953489;0.18604651;0.093023255;0.11627907;0.23255815;0.3488372;0.41860464;0;91103
367;3;0;67073;9;0.33333334;0.11111111;0.0;0.0;0.11111111;0.44444445;0.11111111;0.22222222;0;4348
422;3;0;31828;17;0.05882353;0.05882353;0.3529412;0.23529412;0.11764706;0.1764706;0.3529412;0.7058824;0;59445
97;5;0;20481;15;0.2;0.0;0.4;0.06666667;0.13333334;0.2;0.46666667;0.8;0;63743
104;3;1;16072;21;0.23809524;0.1904762;0.1904762;0.23809524;0.0952381;0.04761905;0.2857143;0.6666667;0;16166
64;0;1;45804;30;0.23333333;0.13333334;0.16666667;0.16666667;0.13333334;0.16666667;0.4;0.56666666;0;70545
141;0;1;20373;8;0.125;0.375;0.0;0.125;0.25;0.125;0.375;0.75;0;62237
199;3;0;39901;30;0.16666667;0.2;0.033333335;0.23333333;0.13333334;0.23333333;0.16666667;0.33333334;0;76324
211;5;0;63243;26;0.1923077;0.07692308;0.07692308;0.23076923;0.1923077;0.23076923;0.46153846;0.26923078;0;92090
460;0;0;64457;40;0.225;0.25;0.175;0.175;0.075;0.1;0.25;0.15;0;69359
208;2;0;10095;40;0.1;0.3;0.1;0.1;0.2;0.2;0.3;0.95;0;48111
134;5;0;72453;42;0.11904762;0.14285715;0.21428572;0.1904762;0.071428575;0.26190478;0.45238096;0.30952382;0;84090
225;5;0;57694;44;0.22727273;0.13636364;0.06818182;0.11363637;0.1590909;0.29545453;0.4090909;0.45454547;0;88987
269;3;0;52588;12;0.16666667;0.0;0.33333334;0.25;0.083333336;0.16666667;0.41666666;0.75;0;80293
235;0;0;86247;26;0.1923077;0.07692308;0.1923077;0.1923077;0.15384616;0.1923077;0.23076923;0.1923077;0;75910
292;3;0;6525;32;0.0625;0.21875;0.125;0.15625;0.21875;0.21875;0.46875;0.9375;0;97097
232;5;0;24280;37;0.4054054;0.027027028;0.1891892;0.13513513;0.16216215;0.08108108;0.2972973;0.6486486;0;80522
56;5;0;83379;14;0.42857143;0.071428575;0.14285715;0.14285715;0.0;0.21428572;0.42857143;0.071428575;0;5120
168;1;0;20345;10;0.2;0.0;0.4;0.0;0.3;0.1;0.4;0.7;0;91122
217;4;1;72733;37;0.21621622;0.08108108;0.10810811;0.27027026;0.13513513;0.1891892;0.3783784;0.2972973;0;93942
396;5;0;22612;20;0.1;0.15;0.15;0.05;0.35;0.2;0.3;0.9;0;85776
56;1;1;1305;22;0.18181819;0.27272728;0.18181819;0.13636364;0.09090909;0.13636364;0.27272728;1.0;0;4924
28;1;0;56271;9;0.11111111;0.33333334;0.33333334;0.0;0.11111111;0.11111111;0.22222222;0.6666667;0;6919
122;3;0;29369;12;0.083333336;0.25;0.33333334;0.0;0.083333336;0.25;0.41666666;0.5;0;43686
113;5;0;88888;39;0.23076923;0.15384616;0.12820514;0.25641027;0.15384616;0.07692308;0.35897437;0.025641026;0;58450
49;5;0;33464;15;0.13333334;0.06666667;0.33333334;0.06666667;0.2;0.2;0.33333334;0.73333335;0;81235
139;0;0;97519;22;0.18181819;0.3181818;0.18181819;0.09090909;0.0;0.22727273;0.54545456;0.0;0;76965
154;1;0;40656;3;0.0;0.0;0.0;0.6666667;0.33333334;0.0;0.33333334;1.0;0;4207
375;3;1;23080;40;0.175;0.225;0.125;0.125;0.275;0.075;0.475;0.75;0;97619
391;5;0;29207;12;0.16666667;0.25;0.16666667;0.083333336;0.25;0.083333336;0.33333334;0.8333333;0;9575
84;3;0;44430;36;0.22222222;0.055555556;0.30555555;0.1388889;0.16666667;0.11111111;0.30555555;0.5277778;0;99323
177;2;0;68497;20;0.2;0.1;0.3;0.2;0.05;0.15;0.45;0.45;0;92763
395;2;1;45468;31;0.09677419;0.19354838;0.12903225;0.19354838;0.22580644;0.16129032;0.3548387;0.5483871;0;73870
16;2;1;12371;45;0.13333334;0.22222222;0.24444444;0.06666667;0.24444444;0.08888889;0.51111114;0.9111111;0;73454
43;5;1;95230;26;0.115384616;0.115384616;0.23076923;0.15384616;0.15384616;0.23076923;0.34615386;0.0;1;94212
78;4;0;2269;22;0.0;0.13636364;0.18181819;0.5;0.09090909;0.09090909;0.36363637;0.95454544;0;91809
280;3;0;42160;47;0.25531915;0.10638298;0.10638298;0.29787233;0.08510638;0.14893617;0.29787233;0.59574467;0;73922
247;2;0;87251;12;0.16666667;0.083333336;0.16666667;0.16666667;0.33333334;0.083333336;0.5;0.083333336;0;22295
31;3;1;63127;29;0.0;0.13793103;0.1724138;0.3448276;0.20689656;0.13793103;0.31034482;0.27586207;0;79932
37;5;1;94459;26;0.1923077;0.115384616;0.15384616;0.1923077;0.23076923;0.115384616;0.26923078;0.15384616;1;34507
390;5;1;30971;3;0.33333334;0.33333334;0.0;0.0;0.0;0.33333334;0.6666667;0.0;1;1687
460;5;1;78019;15;0.06666667;0.2;0.06666667;0.06666667;0.2;0.4;0.33333334;0.2;1;31524
238;0;1;39507;29;0.1724138;0.27586207;0.20689656;0.13793103;0.06896552;0.13793103;0.41379312;0.51724136;0;97377
74;3;0;4461;47;0.14893617;0.12765957;0.12765957;0.25531915;0.21276596;0.12765957;0.25531915;0.9787234;0;98036
387;4;1;93045;41;0.14634146;0.24390244;0.048780486;0.14634146;0.14634146;0.2682927;0.46341464;0.024390243;1;91980
136;5;1;51299;20;0.2;0.15;0.3;0.15;0.05;0.15;0.4;0.6;0;87084
113;2;1;95219;4;0.25;0.0;0.25;0.25;0.25;0.0;0.0;0.0;1;2968
184;0;0;36886;34;0.23529412;0.11764706;0.23529412;0.0882353;0.20588236;0.11764706;0.5588235;0.5588235;0;86838
29;3;0;98013;18;0.11111111;0.11111111;0.11111111;0.11111111;0.22222222;0.33333334;0.44444445;0.0;0;61749
481;0;1;38308;23;0.08695652;0.2173913;0.17391305;0.17391305;0.08695652;0.26086956;0.39130434;0.47826087;0;86100
245;2;1;75904;47;0.21276596;0.19148937;0.17021276;0.12765957;0.19148937;0.10638298;0.4680851;0.31914893;0;92323
466;4;1;88770;38;0.13157895;0.10526316;0.13157895;0.28947368;0.13157895;0.21052632;0.5;0.15789473;0;97824
398;4;0;92386;2;0.0;0.5;0.0;0.0;0.0;0.5;0.0;0.0;1;2715
68;4;0;89598;31;0.29032257;0.12903225;0.09677419;0.12903225;0.2580645;0.09677419;0.3548387;0.09677419;0;94542
204;1;0;16326;43;0.13953489;0.13953489;0.13953489;0.25581396;0.1627907;0.1627907;0.41860464;0.7906977;0;97543
356;0;0;37727;45;0.15555556;0.15555556;0.15555556;0.11111111;0.22222222;0.2;0.4;0.6666667;0;97160
237;3;1;50980;42;0.16666667;0.071428575;0.23809524;0.16666667;0.14285715;0.21428572;0.47619048;0.52380955;0;84061
69;2;0;83923;19;0.31578946;0.15789473;0.15789473;0.05263158;0.2631579;0.05263158;0.31578946;0.21052632;0;66415
127;4;0;48012;24;0.16666667;0.375;0.083333336;0.125;0.16666667;0.083333336;0.5416667;0.41666666;0;95356
64;3;1;45315;43;0.20930232;0.11627907;0.13953489;0.27906978;0.11627907;0.13953489;0.4651163;0.6744186;0;96316
41;5;0;39183;44;0.09090909;0.18181819;0.1590909;0.13636364;0.22727273;0.20454545;0.3409091;0.5;0;98485
91;2;0;14393;24;0.083333336;0.041666668;0.20833333;0.16666667;0.29166666;0.20833333;0.5416667;0.75;0;93685
493;0;1;25587;48;0.125;0.25;0.104166664;0.125;0.20833333;0.1875;0.35416666;0.7708333;0;94422
345;4;0;72308;44;0.09090909;0.27272728;0.13636364;0.11363637;0.13636364;0.25;0.38636363;0.27272728;0;89917
489;3;0;32989;28;0.10714286;0.21428572;0.14285715;0.14285715;0.25;0.14285715;0.35714287;0.64285713;0;79204
246;3;0;41152;8;0.0;0.125;0.25;0.125;0.125;0.375;0.25;0.25;0;4743
96;4;0;7147;48;0.16666667;0.14583333;0.104166664;0.1875;0.25;0.14583333;0.35416666;1.0;0;66609
354;2;1;32592;3;0.33333334;0.33333334;0.33333334;0.0;0.0;0.0;1.0;0.6666667;0;3946
226;5;0;67086;24;0.083333336;0.16666667;0.16666667;0.25;0.083333336;0.25;0.33333334;0.45833334;0;76283
428;0;1;38087;31;0.22580644;0.32258064;0.12903225;0.06451613;0.12903225;0.12903225;0.32258064;0.7096774;0;86128
476;2;0;21214;20;0.1;0.2;0.1;0.05;0.2;0.35;0.3;0.85;0;45987
253;0;0;28732;45;0.17777778;0.15555556;0.24444444;0.17777778;0.08888889;0.15555556;0.31111112;0.6888889;0;84884
396;5;0;87388;29;0.03448276;0.27586207;0.27586207;0.1724138;0.06896552;0.1724138;0.31034482;0.1724138;0;93352
67;3;0;89791;38;0.15789473;0.15789473;0.13157895;0.15789473;0.21052632;0.18421052;0.28947368;0.078947365;0;74635
156;5;1;64531;30;0.1;0.26666668;0.2;0.13333334;0.16666667;0.13333334;0.3;0.3;0;70636
450;2;1;39473;34;0.11764706;0.029411765;0.14705883;0.2647059;0.23529412;0.20588236;0.4117647;0.5;0;95918
300;1;0;36349;16;0.1875;0.125;0.1875;0.1875;0.125;0.1875;0.1875;0.6875;0;85528
324;5;1;81176;14;0.14285715;0.2857143;0.071428575;0.21428572;0.071428575;0.21428572;0.42857143;0.14285715;0;83815
282;4;0;1678;46;0.2173913;0.13043478;0.2173913;0.1521739;0.08695652;0.19565217;0.3043478;1.0;0;74297
46;5;0;89241;18;0.055555556;0.22222222;0.11111111;0.2777778;0.055555556;0.2777778;0.3888889;0.11111111;0;94660
124;5;0;19402;35;0.17142858;0.14285715;0.25714287;0.17142858;0.22857143;0.028571429;0.34285715;0.6857143;0;91386
150;3;1;17007;19;0.21052632;0.15789473;0.15789473;0.15789473;0.10526316;0.21052632;0.2631579;0.8947368;0;89294
102;3;0;86787;21;0.1904762;0.23809524;0.14285715;0.0952381;0.1904762;0.14285715;0.3809524;0.14285715;0;68809
475;0;0;30458;42;0.14285715;0.11904762;0.14285715;0.14285715;0.1904762;0.26190478;0.5;0.61904764;0;97713
481;0;0;73603;45;0.13333334;0.13333334;0.11111111;0.2;0.17777778;0.24444444;0.4888889;0.2;0;95807
248;4;1;3377;42;0.14285715;0.14285715;0.14285715;0.1904762;0.16666667;0.21428572;0.35714287;1.0;0;94180
385;5;1;56310;33;0.18181819;0.121212125;0.3030303;0.121212125;0.121212125;0.15151516;0.45454547;0.42424244;0;88609
366;4;0;58887;31;0.12903225;0.12903225;0.19354838;0.12903225;0.19354838;0.22580644;0.3548387;0.29032257;0;82390
329;5;1;81765;37;0.10810811;0.16216215;0.08108108;0.2972973;0.24324325;0.10810811;0.45945945;0.13513513;0;87824
127;3;0;48330;34;0.23529412;0.0882353;0.05882353;0.23529412;0.23529412;0.14705883;0.44117647;0.5294118;0;92199
304;5;0;51054;40;0.1;0.2;0.15;0.15;0.25;0.15;0.375;0.525;0;47944
126;0;0;10899;14;0.21428572;0.14285715;0.2857143;0.071428575;0.071428575;0.21428572;0.21428572;0.9285714;0;5177
423;3;1;84229;21;0.14285715;0.23809524;0.14285715;0.14285715;0.23809524;0.0952381;0.42857143;0.33333334;0;99020
186;0;1;96440;42;0.14285715;0.071428575;0.16666667;0.21428572;0.1904762;0.21428572;0.33333334;0.071428575;0;89384
107;0;0;69995;25;0.12;0.2;0.12;0.24;0.12;0.2;0.4;0.28;0;66119
272;0;0;62201;41;0.17073171;0.07317073;0.19512194;0.12195122;0.31707317;0.12195122;0.2195122;0.36585367;0;66607
156;5;1;76983;17;0.11764706;0.1764706;0.1764706;0.1764706;0.11764706;0.23529412;0.23529412;0.23529412;1;71884
464;3;0;27780;40;0.075;0.225;0.2;0.125;0.225;0.15;0.35;0.7;0;87905
369;5;1;46040;16;0.1875;0.125;0.125;0.25;0.125;0.1875;0.3125;0.5;0;83479
82;1;1;50460;7;0.14285715;0.2857143;0.2857143;0.14285715;0.14285715;0.0;0.2857143;0.2857143;1;25163
493;2;0;46325;27;0.074074075;0.074074075;0.14814815;0.25925925;0.14814815;0.2962963;0.33333334;0.37037036;0;76535
156;4;0;76069;14;0.14285715;0.2857143;0.071428575;0.071428575;0.14285715;0.2857143;0.14285715;0.35714287;0;5229
166;2;1;9851;30;0.26666668;0.23333333;0.1;0.16666667;0.033333335;0.2;0.36666667;0.93333334;0;75473
281;2;0;82532;22;0.18181819;0.18181819;0.13636364;0.18181819;0.22727273;0.09090909;0.54545456;0.09090909;0;87508
419;2;0;16847;25;0.24;0.12;0.24;0.24;0.04;0.12;0.48;0.96;0;90264
313;2;0;87104;8;0.25;0.0;0.25;0.25;0.125;0.125;0.5;0.375;0;41467
167;2;0;82799;4;0.0;0.25;0.25;0.25;0.25;0.0;0.5;0.0;0;75270
263;2;1;3056;35;0.17142858;0.2;0.17142858;0.14285715;0.114285715;0.2;0.4;0.9714286;0;79019
442;1;0;91146;22;0.13636364;0.18181819;0.13636364;0.27272728;0.18181819;0.09090909;0.54545456;0.0;0;61037
96;3;1;99482;35;0.114285715;0.17142858;0.2;0.22857143;0.114285715;0.17142858;0.34285715;0.0;1;94703
219;4;1;63691;28;0.14285715;0.071428575;0.4642857;0.25;0.035714287;0.035714287;0.32142857;0.14285715;0;83659
300;0;0;32943;20;0.15;0.05;0.15;0.25;0.3;0.1;0.45;0.75;0;92340
397;4;1;17712;5;0.0;0.2;0.2;0.4;0.2;0.0;0.8;0.8;0;71609
244;4;1;37511;4;0.5;0.0;0.0;0.0;0.25;0.25;0.75;1.0;0;59697
113;4;0;13565;3;0.0;0.0;0.33333334;0.33333334;0.33333334;0.0;0.33333334;1.0;0;4591
460;3;1;32595;37;0.10810811;0.08108108;0.13513513;0.24324325;0.2972973;0.13513513;0.27027026;0.7027027;0;68385
113;4;0;10927;39;0.23076923;0.17948718;0.12820514;0.102564104;0.23076923;0.12820514;0.41025642;0.9230769;0;92037
393;5;0;39020;1;0.0;0.0;0.0;1.0;0.0;0.0;0.0;0.0;1;1951
291;3;0;25334;44;0.1590909;0.18181819;0.11363637;0.09090909;0.22727273;0.22727273;0.47727272;0.70454544;0;97778
182;4;0;36905;16;0.125;0.1875;0.3125;0.0625;0.0625;0.25;0.375;0.625;0;5366
84;3;0;6518;40;0.2;0.15;0.15;0.25;0.15;0.1;0.425;0.975;0;92146
126;3;1;66151;41;0.09756097;0.2195122;0.07317073;0.19512194;0.12195122;0.29268292;0.36585367;0.36585367;0;83957
19;3;0;38301;23;0.17391305;0.17391305;0.2173913;0.17391305;0.2173913;0.04347826;0.4347826;0.6956522;0;74866
446;1;0;64607;40;0.15;0.175;0.1;0.225;0.175;0.175;0.45;0.5;0;95217
190;4;1;36199;2;0.5;0.0;0.5;0.0;0.0;0.0;0.5;1.0;1;34926
367;1;1;10028;5;0.0;0.6;0.0;0.2;0.0;0.2;0.6;1.0;0;5233
98;4;0;65127;19;0.15789473;0.2631579;0.21052632;0.15789473;0.10526316;0.10526316;0.47368422;0.42105263;0;85144
490;3;0;26449;38;0.23684211;0.10526316;0.10526316;0.2631579;0.13157895;0.15789473;0.4473684;0.84210527;0;89114
187;3;1;11509;10;0.3;0.1;0.1;0.2;0.1;0.2;0.2;0.8;0;68616
430;4;0;37675;28;0.10714286;0.14285715;0.14285715;0.25;0.2857143;0.071428575;0.5;0.64285713;0;95855
415;3;0;53173;30;0.1;0.2;0.16666667;0.13333334;0.26666668;0.13333334;0.3;0.46666667;0;74436
255;0;0;24463;31;0.09677419;0.16129032;0.19354838;0.2580645;0.12903225;0.16129032;0.4516129;0.67741936;0;91283
454;3;0;1116;43;0.11627907;0.069767445;0.18604651;0.1627907;0.25581396;0.20930232;0.27906978;1.0;0;65413
111;3;1;95470;20;0.2;0.3;0.15;0.1;0.05;0.2;0.5;0.0;1;78978
199;1;1;97138;1;0.0;0.0;0.0;0.0;0.0;1.0;0.0;0.0;1;1367
134;5;1;85152;24;0.16666667;0.16666667;0.083333336;0.33333334;0.041666668;0.20833333;0.33333334;0.25;0;95565
331;1;0;38638;14;0.21428572;0.14285715;0.071428575;0.21428572;0.21428572;0.14285715;0.21428572;0.64285713;0;84679
271;0;0;21600;28;0.14285715;0.14285715;0.17857143;0.32142857;0.14285715;0.071428575;0.2857143;0.78571427;0;81886
442;1;1;74170;44;0.1590909;0.3181818;0.09090909;0.09090909;0.09090909;0.25;0.3409091;0.22727273;0;46355
494;2;0;97202;10;0.1;0.4;0.0;0.2;0.0;0.3;0.2;0.0;0;5793
468;2;1;3117;41;0.19512194;0.17073171;0.2195122;0.17073171;0.12195122;0.12195122;0.46341464;0.9756098;0;87695
25;3;1;2376;8;0.125;0.25;0.125;0.25;0.25;0.0;0.75;1.0;0;36492
128;3;0;71585;41;0.17073171;0.17073171;0.09756097;0.12195122;0.24390244;0.19512194;0.29268292;0.24390244;0;82570
230;1;1;15074;15;0.4;0.26666668;0.06666667;0.13333334;0.06666667;0.06666667;0.2;0.8;0;63474
383;2;1;46528;48;0.16666667;0.0625;0.1875;0.25;0.14583333;0.1875;0.35416666;0.5625;0;97110
320;3;0;79369;43;0.13953489;0.25581396;0.069767445;0.13953489;0.1627907;0.23255815;0.3255814;0.1627907;0;96228
89;3;0;28984;11;0.27272728;0.09090909;0.09090909;0.36363637;0.09090909;0.09090909;0.27272728;0.27272728;0;3941
348;4;0;66438;29;0.1724138;0.31034482;0.10344828;0.1724138;0.13793103;0.10344828;0.51724136;0.41379312;0;82424
152;0;0;5820;24;0.16666667;0.33333334;0.125;0.125;0.20833333;0.041666668;0.5833333;0.9583333;0;63378
82;5;0;65977;39;0.17948718;0.12820514;0.15384616;0.20512821;0.12820514;0.20512821;0.2820513;0.30769232;0;88647
342;2;1;15438;17;0.29411766;0.1764706;0.23529412;0.05882353;0.1764706;0.05882353;0.47058824;0.88235295;0;26340
203;5;0;92500;14;0.14285715;0.21428572;0.2857143;0.071428575;0.2857143;0.0;0.5;0.0;0;74189
139;0;1;53577;27;0.037037037;0.14814815;0.14814815;0.33333334;0.14814815;0.18518518;0.5925926;0.44444445;0;99140
314;4;1;79712;24;0.16666667;0.083333336;0.29166666;0.125;0.16666667;0.16666667;0.5416667;0.20833333;1;67284
330;3;0;82640;12;0.083333336;0.33333334;0.16666667;0.16666667;0.25;0.0;0.41666666;0.083333336;0;36014
455;3;0;51080;19;0.05263158;0.21052632;0.15789473;0.21052632;0.31578946;0.05263158;0.42105263;0.57894737;0;84244
433;0;1;58166;33;0.15151516;0.18181819;0.121212125;0.18181819;0.15151516;0.21212122;0.42424244;0.36363637;0;96898
378;2;0;44775;19;0.05263158;0.15789473;0.21052632;0.21052632;0.21052632;0.15789473;0.47368422;0.5263158;0;69726
76;2;1;55849;9;0.11111111;0.11111111;0.22222222;0.11111111;0.33333334;0.11111111;0.44444445;0.44444445;0;91964
385;2;1;53382;26;0.26923078;0.23076923;0.1923077;0.1923077;0.03846154;0.07692308;0.26923078;0.42307693;0;31029
150;3;0;47850;38;0.28947368;0.23684211;0.18421052;0.078947365;0.15789473;0.05263158;0.34210527;0.57894737;0;94605
477;0;1;44101;41;0.19512194;0.14634146;0.09756097;0.24390244;0.2195122;0.09756097;0.29268292;0.5121951;0;50708
116;3;1;40043;42;0.0952381;0.0952381;0.14285715;0.33333334;0.23809524;0.0952381;0.3809524;0.5952381;0;95129
146;4;0;6282;14;0.071428575;0.2857143;0.21428572;0.2857143;0.071428575;0.071428575;0.42857143;1.0;0;87698
373;3;0;9554;35;0.17142858;0.14285715;0.17142858;0.14285715;0.14285715;0.22857143;0.51428574;0.8857143;0;89168
65;3;1;63871;37;0.10810811;0.13513513;0.1891892;0.1891892;0.24324325;0.13513513;0.45945945;0.3783784;0;68014
368;2;0;95327;11;0.27272728;0.0;0.36363637;0.0;0.0;0.36363637;0.45454547;0.0;0;86863
325;4;0;60527;42;0.1904762;0.1904762;0.16666667;0.16666667;0.16666667;0.11904762;0.33333334;0.42857143;0;80620
234;0;1;32988;17;0.05882353;0.0;0.23529412;0.1764706;0.29411766;0.23529412;0.23529412;0.47058824;0;6815
178;1;1;60775;16;0.375;0.1875;0.1875;0.1875;0.0625;0.0;0.25;0.25;0;4422
85;5;0;95271;13;0.15384616;0.23076923;0.23076923;0.07692308;0.15384616;0.15384616;0.15384616;0.15384616;0;41945
259;2;0;40870;34;0.14705883;0.0882353;0.11764706;0.20588236;0.20588236;0.23529412;0.38235295;0.5588235;0;74027
313;4;0;27733;16;0.1875;0.125;0.25;0.25;0.125;0.0625;0.125;0.625;0;7714
59;0;1;11512;2;0.5;0.0;0.0;0.0;0.5;0.0;0.5;1.0;0;6883
249;5;1;14900;11;0.09090909;0.09090909;0.27272728;0.27272728;0.27272728;0.0;0.27272728;0.72727275;0;40896
245;3;1;28828;38;0.18421052;0.28947368;0.21052632;0.05263158;0.13157895;0.13157895;0.36842105;0.7368421;0;96100
431;0;0;13906;25;0.16;0.12;0.12;0.2;0.08;0.32;0.44;0.92;0;76417
252;2;0;64683;43;0.1627907;0.11627907;0.25581396;0.1627907;0.11627907;0.18604651;0.41860464;0.3488372;0;76899
120;5;0;39699;34;0.14705883;0.0882353;0.14705883;0.32352942;0.05882353;0.23529412;0.4117647;0.64705884;0;66044
215;3;0;83346;28;0.17857143;0.17857143;0.2857143;0.17857143;0.035714287;0.14285715;0.35714287;0.21428572;0;86736
105;3;0;53646;6;0.0;0.16666667;0.16666667;0.0;0.16666667;0.5;0.5;0.6666667;0;60832
430;3;1;67179;40;0.25;0.075;0.225;0.125;0.225;0.1;0.425;0.325;0;85346
350;0;0;41352;5;0.0;0.4;0.4;0.0;0.2;0.0;0.4;0.8;0;36064
305;2;0;7132;41;0.14634146;0.12195122;0.24390244;0.07317073;0.2195122;0.19512194;0.36585367;0.9268293;0;94033
218;5;1;39878;46;0.19565217;0.13043478;0.3043478;0.13043478;0.17391305;0.06521739;0.39130434;0.5869565;0;81056
161;2;0;70978;41;0.19512194;0.2195122;0.19512194;0.09756097;0.17073171;0.12195122;0.41463414;0.24390244;0;99359
422;1;0;9564;3;0.33333334;0.0;0.0;0.33333334;0.33333334;0.0;0.0;1.0;0;3908
276;2;0;3126;11;0.09090909;0.0;0.36363637;0.18181819;0.18181819;0.18181819;0.27272728;1.0;0;62683
108;0;0;1160;43;0.23255815;0.13953489;0.1627907;0.20930232;0.11627907;0.13953489;0.4651163;0.95348835;0;88771
164;4;1;50682;15;0.26666668;0.13333334;0.26666668;0.13333334;0.2;0.0;0.26666668;0.33333334;1;50674
292;1;0;10914;45;0.2;0.11111111;0.13333334;0.22222222;0.2;0.13333334;0.33333334;0.9111111;0;76786
266;3;1;74102;24;0.125;0.20833333;0.25;0.20833333;0.083333336;0.125;0.25;0.16666667;1;72950
343;1;0;15847;27;0.14814815;0.18518518;0.18518518;0.18518518;0.037037037;0.25925925;0.4074074;0.8518519;0;21372
25;3;0;72470;15;0.33333334;0.13333334;0.06666667;0.13333334;0.2;0.13333334;0.4;0.13333334;0;62663
475;1;0;64895;26;0.07692308;0.1923077;0.26923078;0.07692308;0.115384616;0.26923078;0.34615386;0.34615386;0;37955
379;3;1;17643;4;0.0;0.25;0.0;0.25;0.25;0.25;0.5;0.25;1;17201
343;1;0;83617;14;0.14285715;0.14285715;0.14285715;0.21428572;0.21428572;0.14285715;0.5;0.35714287;0;82409
358;1;0;8118;20;0.1;0.15;0.35;0.25;0.05;0.1;0.3;0.95;0;53975
390;4;1;89386;43;0.093023255;0.11627907;0.13953489;0.093023255;0.3255814;0.23255815;0.27906978;0.046511628;1;88675
153;2;1;48289;14;0.21428572;0.0;0.14285715;0.21428572;0.14285715;0.2857143;0.5714286;0.42857143;0;86337
291;4;1;44254;30;0.26666668;0.1;0.16666667;0.06666667;0.2;0.2;0.16666667;0.46666667;0;55153
149;5;1;35508;12;0.41666666;0.25;0.0;0.0;0.0;0.33333334;0.5833333;0.9166667;0;90120
307;1;0;59489;11;0.18181819;0.36363637;0.0;0.36363637;0.09090909;0.0;0.09090909;0.27272728;0;7320
213;0;0;75482;40;0.225;0.225;0.125;0.15;0.1;0.175;0.25;0.25;0;27249
389;0;0;8021;34;0.1764706;0.14705883;0.14705883;0.23529412;0.1764706;0.11764706;0.47058824;0.88235295;0;72831
207;3;0;57243;41;0.19512194;0.2195122;0.14634146;0.19512194;0.09756097;0.14634146;0.3902439;0.46341464;0;99686
428;3;0;56929;44;0.13636364;0.11363637;0.1590909;0.25;0.13636364;0.20454545;0.36363637;0.4318182;0;86516
146;4;0;36217;25;0.2;0.04;0.28;0.12;0.28;0.08;0.28;0.52;0;7423
286;1;1;16756;7;0.0;0.2857143;0.14285715;0.2857143;0.14285715;0.14285715;0.2857143;0.71428573;0;5014
355;2;0;61977;37;0.3243243;0.054054055;0.16216215;0.21621622;0.1891892;0.054054055;0.4864865;0.45945945;0;96482
343;1;1;87130;49;0.10204082;0.2244898;0.12244898;0.14285715;0.1632653;0.24489796;0.2857143;0.14285715;0;92285
114;5;0;5076;10;0.3;0.2;0.0;0.2;0.0;0.3;0.3;1.0;0;13441
427;0;0;86244;25;0.12;0.2;0.16;0.2;0.16;0.16;0.36;0.12;0;64378
165;4;0;14779;2;0.0;0.0;0.0;0.5;0.0;0.5;0.5;1.0;0;922
80;4;0;70583;18;0.22222222;0.11111111;0.055555556;0.22222222;0.2777778;0.11111111;0.2777778;0.11111111;0;65037
424;4;0;12303;6;0.33333334;0.0;0.0;0.16666667;0.0;0.5;0.16666667;1.0;0;5943
485;1;1;39786;35;0.14285715;0.14285715;0.14285715;0.22857143;0.2;0.14285715;0.31428573;0.42857143;0;81205
165;2;0;34315;10;0.2;0.2;0.2;0.0;0.3;0.1;0.5;0.6;0;5067
15;4;1;59001;48;0.083333336;0.083333336;0.3125;0.22916667;0.16666667;0.125;0.27083334;0.39583334;0;85284
386;5;0;55491;23;0.26086956;0.3043478;0.04347826;0.04347826;0.04347826;0.3043478;0.3478261;0.47826087;0;94159
372;2;0;73377;3;0.0;0.6666667;0.0;0.0;0.0;0.33333334;0.0;0.33333334;0;3927
172;2;1;4028;25;0.12;0.12;0.36;0.12;0.24;0.04;0.4;1.0;0;89150
66;5;0;90850;22;0.22727273;0.22727273;0.18181819;0.13636364;0.045454547;0.18181819;0.59090906;0.13636364;0;97383
416;3;1;12651;3;0.0;0.0;0.0;0.33333334;0.33333334;0.33333334;0.33333334;1.0;0;13420
146;1;0;84915;9;0.11111111;0.0;0.22222222;0.33333334;0.0;0.33333334;0.44444445;0.22222222;0;85563
169;1;1;21415;19;0.2631579;0.15789473;0.05263158;0.10526316;0.05263158;0.36842105;0.42105263;0.84210527;0;77166
430;1;1;29928;44;0.09090909;0.09090909;0.20454545;0.22727273;0.3181818;0.06818182;0.4318182;0.65909094;0;91660
189;4;1;19315;25;0.12;0.0;0.2;0.08;0.4;0.2;0.56;0.88;0;88088
174;4;0;88875;45;0.08888889;0.2;0.08888889;0.24444444;0.22222222;0.15555556;0.42222223;0.08888889;0;84203
245;4;0;76491;46;0.1521739;0.17391305;0.1521739;0.10869565;0.13043478;0.2826087;0.4347826;0.2173913;0;70844
311;5;1;28177;19;0.0;0.2631579;0.05263158;0.21052632;0.31578946;0.15789473;0.42105263;0.6315789;0;90618
284;4;0;30047;49;0.18367347;0.18367347;0.12244898;0.12244898;0.12244898;0.26530612;0.2857143;0.6530612;0;75651
330;5;0;69736;38;0.078947365;0.21052632;0.18421052;0.23684211;0.15789473;0.13157895;0.42105263;0.31578946;0;97701
99;3;0;22282;15;0.2;0.0;0.33333334;0.2;0.13333334;0.13333334;0.33333334;0.93333334;0;90925
361;5;0;88500;13;0.0;0.30769232;0.23076923;0.07692308;0.23076923;0.15384616;0.23076923;0.07692308;0;5062
118;0;0;13686;18;0.055555556;0.22222222;0.11111111;0.16666667;0.22222222;0.22222222;0.2777778;0.9444444;0;97032
476;1;0;83433;48;0.1875;0.27083334;0.104166664;0.125;0.20833333;0.104166664;0.45833334;0.20833333;0;92409
16;4;0;54118;47;0.21276596;0.10638298;0.10638298;0.21276596;0.10638298;0.25531915;0.34042552;0.5744681;0;96430
317;0;1;1355;20;0.05;0.2;0.2;0.2;0.1;0.25;0.35;1.0;0;99853
94;0;0;49781;16;0.1875;0.3125;0.0;0.0;0.25;0.25;0.5;0.4375;0;85018
475;1;0;81986;4;0.25;0.0;0.0;0.0;0.5;0.25;0.5;0.0;0;33104
331;1;0;83052;8;0.25;0.25;0.125;0.25;0.0;0.125;0.25;0.0;0;13715
401;2;0;70226;35;0.057142857;0.17142858;0.25714287;0.25714287;0.14285715;0.114285715;0.45714286;0.34285715;0;89155
310;0;0;88243;28;0.17857143;0.10714286;0.14285715;0.21428572;0.32142857;0.035714287;0.32142857;0.035714287;0;58470
466;4;1;25086;39;0.23076923;0.17948718;0.15384616;0.102564104;0.20512821;0.12820514;0.43589744;0.74358976;0;85461
488;1;0;10808;25;0.16;0.08;0.24;0.28;0.12;0.12;0.52;0.88;0;90606
37;2;0;41235;21;0.23809524;0.04761905;0.0952381;0.2857143;0.1904762;0.14285715;0.47619048;0.6666667;0;92704
185;0;1;42073;46;0.1521739;0.1521739;0.1521739;0.1521739;0.19565217;0.19565217;0.23913044;0.65217394;0;95002
392;2;1;35614;14;0.21428572;0.14285715;0.071428575;0.14285715;0.2857143;0.14285715;0.5;0.42857143;0;69775
175;1;0;27636;9;0.22222222;0.22222222;0.0;0.22222222;0.22222222;0.11111111;0.22222222;1.0;0;40212
15;1;1;11415;18;0.33333334;0.0;0.16666667;0.11111111;0.16666667;0.22222222;0.44444445;0.9444444;0;94809
429;2;0;81099;26;0.15384616;0.115384616;0.30769232;0.1923077;0.15384616;0.07692308;0.1923077;0.26923078;0;8992
389;2;1;88531;45;0.11111111;0.24444444;0.15555556;0.17777778;0.13333334;0.17777778;0.44444445;0.13333334;0;95954
10;0;1;55949;42;0.0952381;0.11904762;0.14285715;0.0952381;0.2857143;0.26190478;0.42857143;0.45238096;0;97885
26;0;0;94972;33;0.21212122;0.18181819;0.060606062;0.24242425;0.121212125;0.18181819;0.27272728;0.030303031;0;61239
390;2;0;16191;11;0.0;0.18181819;0.18181819;0.09090909;0.27272728;0.27272728;0.36363637;0.8181818;0;95863
257;4;1;6617;14;0.2857143;0.21428572;0.21428572;0.0;0.071428575;0.21428572;0.5;0.9285714;0;7381
241;3;0;2479;42;0.0952381;0.26190478;0.071428575;0.2857143;0.0952381;0.1904762;0.30952382;0.9285714;0;76987
475;5;0;58339;6;0.0;0.16666667;0.0;0.16666667;0.16666667;0.5;0.5;0.16666667;0;53787
200;2;1;7817;9;0.11111111;0.22222222;0.33333334;0.0;0.11111111;0.22222222;0.22222222;0.6666667;0;4767
421;3;0;63294;49;0.20408164;0.14285715;0.1632653;0.1632653;0.1632653;0.1632653;0.40816328;0.36734694;0;91798
176;1;0;26185;43;0.20930232;0.1627907;0.25581396;0.093023255;0.093023255;0.18604651;0.27906978;0.8372093;0;85670
202;3;1;19597;46;0.3043478;0.19565217;0.17391305;0.08695652;0.08695652;0.1521739;0.3478261;0.76086956;0;71478
303;1;1;51771;8;0.125;0.0;0.0;0.125;0.5;0.25;0.375;0.875;0;98132
96;5;0;7483;29;0.13793103;0.20689656;0.0;0.13793103;0.1724138;0.3448276;0.41379312;0.9655172;0;84705
454;2;1;39507;12;0.0;0.083333336;0.25;0.16666667;0.33333334;0.16666667;0.5833333;0.8333333;0;81473
31;1;0;60429;42;0.16666667;0.11904762;0.14285715;0.14285715;0.21428572;0.21428572;0.33333334;0.3809524;0;87127
30;1;1;39383;34;0.2647059;0.0882353;0.05882353;0.11764706;0.23529412;0.23529412;0.32352942;0.61764705;0;95750
74;1;0;21954;27;0.22222222;0.14814815;0.11111111;0.11111111;0.11111111;0.2962963;0.25925925;0.8148148;0;87857
297;0;0;34829;12;0.083333336;0.16666667;0.083333336;0.25;0.25;0.16666667;0.5;0.6666667;0;91085
185;5;0;7971;26;0.115384616;0.115384616;0.1923077;0.1923077;0.1923077;0.1923077;0.42307693;0.96153843;0;74446
178;4;1;65820;29;0.27586207;0.1724138;0.13793103;0.1724138;0.06896552;0.1724138;0.4827586;0.2413793;0;79273
300;1;1;84940;16;0.1875;0.25;0.125;0.125;0.125;0.1875;0.25;0.3125;0;95286
120;5;0;57493;34;0.14705883;0.14705883;0.0;0.23529412;0.2647059;0.20588236;0.38235295;0.38235295;0;95744
254;2;0;87019;30;0.26666668;0.2;0.16666667;0.16666667;0.13333334;0.06666667;0.3;0.06666667;0;83988
143;2;1;90579;19;0.21052632;0.21052632;0.2631579;0.15789473;0.05263158;0.10526316;0.42105263;0.10526316;0;36018
40;0;1;36657;4;0.0;0.0;0.0;0.25;0.5;0.25;0.75;0.5;0;85290
145;0;0;41417;27;0.11111111;0.25925925;0.2962963;0.037037037;0.11111111;0.18518518;0.25925925;0.6296296;0;72997
384;0;0;62805;40;0.15;0.175;0.15;0.125;0.175;0.225;0.35;0.325;0;50141
285;2;0;2357;10;0.1;0.2;0.1;0.2;0.2;0.2;0.6;1.0;0;89554
373;5;1;59005;38;0.2631579;0.13157895;0.13157895;0.18421052;0.18421052;0.10526316;0.4473684;0.4473684;0;90407
470;4;0;38048;41;0.2195122;0.17073171;0.09756097;0.12195122;0.19512194;0.19512194;0.29268292;0.70731705;0;94027
337;2;0;87421;46;0.17391305;0.19565217;0.19565217;0.17391305;0.13043478;0.13043478;0.36956522;0.06521739;0;89514
237;2;0;55716;30;0.13333334;0.26666668;0.06666667;0.2;0.1;0.23333333;0.36666667;0.46666667;0;77767
92;1;0;29532;39;0.17948718;0.07692308;0.051282052;0.17948718;0.2820513;0.23076923;0.33333334;0.6666667;0;63569
94;1;0;62769;41;0.14634146;0.17073171;0.17073171;0.09756097;0.2195122;0.19512194;0.29268292;0.3902439;0;84292
12;5;1;73602;32;0.1875;0.25;0.125;0.25;0.0625;0.125;0.28125;0.4375;0;95555
323;4;0;29007;29;0.13793103;0.27586207;0.20689656;0.1724138;0.03448276;0.1724138;0.3448276;0.7241379;0;34361
251;4;0;23732;25;0.12;0.2;0.2;0.24;0.08;0.16;0.44;0.84;0;99490
119;0;0;51100;37;0.1891892;0.16216215;0.1891892;0.16216215;0.16216215;0.13513513;0.3243243;0.5135135;0;65739
455;0;0;20042;14;0.14285715;0.071428575;0.21428572;0.14285715;0.14285715;0.2857143;0.35714287;0.9285714;0;73675
414;5;0;20906;35;0.14285715;0.14285715;0.2;0.08571429;0.31428573;0.114285715;0.45714286;0.82857144;0;92123
142;5;0;10797;15;0.33333334;0.0;0.33333334;0.2;0.06666667;0.06666667;0.4;0.73333335;0;4273
418;5;1;74357;34;0.23529412;0.0882353;0.11764706;0.23529412;0.20588236;0.11764706;0.38235295;0.1764706;0;81528
102;1;0;72500;23;0.13043478;0.26086956;0.08695652;0.2173913;0.17391305;0.13043478;0.3478261;0.26086956;0;61348
327;1;1;86495;37;0.16216215;0.16216215;0.24324325;0.1891892;0.08108108;0.16216215;0.27027026;0.1891892;0;63889
346;3;0;26555;25;0.24;0.16;0.2;0.2;0.08;0.12;0.4;0.8;0;80726
273;4;0;77672;24;0.125;0.25;0.083333336;0.16666667;0.25;0.125;0.33333334;0.041666668;0;44935
368;3;1;24528;31;0.19354838;0.12903225;0.16129032;0.22580644;0.19354838;0.09677419;0.29032257;0.7741935;1;24331
250;1;1;93601;34;0.14705883;0.14705883;0.05882353;0.1764706;0.23529412;0.23529412;0.5;0.05882353;0;89713
89;0;0;59009;42;0.14285715;0.23809524;0.14285715;0.071428575;0.1904762;0.21428572;0.42857143;0.45238096;0;97029
104;5;1;59418;20;0.1;0.15;0.15;0.15;0.3;0.15;0.6;0.35;0;95250
18;0;0;78703;35;0.14285715;0.17142858;0.25714287;0.14285715;0.2;0.08571429;0.25714287;0.114285715;0;62678
248;0;0;24932;31;0.16129032;0.09677419;0.22580644;0.19354838;0.12903225;0.19354838;0.48387095;0.7419355;0;78148
340;0;1;25063;47;0.17021276;0.12765957;0.23404256;0.08510638;0.17021276;0.21276596;0.40425533;0.7234042;0;79786
482;3;0;87853;6;0.16666667;0.33333334;0.16666667;0.0;0.16666667;0.16666667;0.6666667;0.16666667;0;76297
484;0;0;92113;17;0.11764706;0.1764706;0.05882353;0.23529412;0.29411766;0.11764706;0.29411766;0.0;0;24997
375;4;0;91925;43;0.13953489;0.25581396;0.11627907;0.13953489;0.18604651;0.1627907;0.39534885;0.093023255;0;95115
168;2;1;39401;21;0.1904762;0.0952381;0.04761905;0.23809524;0.33333334;0.0952381;0.52380955;0.52380955;0;72991
381;1;0;56274;29;0.13793103;0.10344828;0.10344828;0.27586207;0.13793103;0.2413793;0.10344828;0.55172414;0;8855
364;1;0;865;8;0.25;0.125;0.125;0.375;0.125;0.0;0.375;1.0;0;39717
500;2;0;98235;40;0.075;0.25;0.1;0.275;0.225;0.075;0.325;0.0;0;79866
415;3;1;79537;10;0.1;0.1;0.3;0.2;0.1;0.2;0.5;0.2;0;87102
181;1;1;14675;10;0.2;0.1;0.1;0.1;0.2;0.3;0.4;0.7;0;29464
30;3;0;50220;21;0.14285715;0.14285715;0.0952381;0.23809524;0.1904762;0.1904762;0.1904762;0.5714286;0;70726
220;4;1;29671;46;0.08695652;0.1521739;0.19565217;0.13043478;0.23913044;0.19565217;0.3478261;0.84782606;0;90095
113;5;1;19641;12;0.083333336;0.33333334;0.083333336;0.33333334;0.083333336;0.083333336;0.25;0.8333333;1;19641
27;2;0;52981;36;0.11111111;0.19444445;0.25;0.11111111;0.1388889;0.19444445;0.2777778;0.5277778;0;78928
278;5;1;19842;3;0.33333334;0.0;0.33333334;0.0;0.0;0.33333334;0.33333334;1.0;0;20328
245;4;0;45345;7;0.42857143;0.2857143;0.14285715;0.0;0.14285715;0.0;0.14285715;0.71428573;0;2524
500;5;0;3209;7;0.2857143;0.0;0.0;0.14285715;0.14285715;0.42857143;0.42857143;1.0;0;13267
314;5;0;59481;13;0.15384616;0.15384616;0.46153846;0.15384616;0.07692308;0.0;0.3846154;0.46153846;0;5551
28;4;0;95384;43;0.13953489;0.23255815;0.093023255;0.23255815;0.1627907;0.13953489;0.41860464;0.023255814;0;96591
323;5;0;3445;49;0.14285715;0.2857143;0.1632653;0.18367347;0.14285715;0.08163265;0.3877551;0.97959185;0;93197
261;2;0;62712;49;0.18367347;0.14285715;0.12244898;0.18367347;0.1632653;0.20408164;0.40816328;0.42857143;0;93859
69;3;0;76098;33;0.09090909;0.15151516;0.24242425;0.18181819;0.060606062;0.27272728;0.54545456;0.24242425;0;85392
347;0;0;10056;6;0.33333334;0.16666667;0.16666667;0.0;0.16666667;0.16666667;0.33333334;1.0;0;9549
428;3;1;6930;6;0.0;0.16666667;0.16666667;0.33333334;0.16666667;0.16666667;0.16666667;0.8333333;0;7945
443;2;0;95626;25;0.16;0.2;0.2;0.16;0.16;0.12;0.44;0.12;0;74097
278;1;1;73204;33;0.24242425;0.09090909;0.18181819;0.21212122;0.09090909;0.18181819;0.54545456;0.3030303;0;78802
483;5;0;6686;2;0.5;0.0;0.5;0.0;0.0;0.0;0.5;1.0;0;2499
65;2;0;16098;47;0.12765957;0.14893617;0.17021276;0.25531915;0.08510638;0.21276596;0.31914893;0.85106385;0;90883
368;2;0;78965;44;0.06818182;0.22727273;0.22727273;0.1590909;0.20454545;0.11363637;0.3409091;0.1590909;0;91801
146;4;0;55799;39;0.17948718;0.12820514;0.20512821;0.12820514;0.23076923;0.12820514;0.3846154;0.46153846;0;92193
149;5;0;49251;10;0.1;0.1;0.1;0.1;0.5;0.1;0.1;0.4;0;4927
248;3;0;23593;43;0.1627907;0.23255815;0.11627907;0.069767445;0.18604651;0.23255815;0.41860464;0.88372093;0;92989
96;5;1;50839;5;0.6;0.0;0.0;0.2;0.0;0.2;0.4;0.4;0;52819
358;0;0;74521;49;0.10204082;0.2244898;0.2244898;0.08163265;0.1632653;0.20408164;0.24489796;0.20408164;0;66035
350;2;0;94471;10;0.1;0.2;0.0;0.1;0.2;0.4;0.4;0.1;0;91459
204;4;1;17884;16;0.3125;0.0625;0.0;0.125;0.3125;0.1875;0.3125;0.6875;0;36016
429;3;1;67214;28;0.10714286;0.21428572;0.17857143;0.21428572;0.14285715;0.14285715;0.42857143;0.35714287;0;69207
229;5;1;11737;5;0.0;0.2;0.2;0.4;0.0;0.2;0.2;0.8;1;4638
50;4;0;18255;28;0.21428572;0.14285715;0.14285715;0.25;0.17857143;0.071428575;0.35714287;0.78571427;0;83939
209;2;1;96773;48;0.041666668;0.20833333;0.14583333;0.25;0.16666667;0.1875;0.375;0.020833334;0;98531
244;1;0;14158;18;0.11111111;0.055555556;0.22222222;0.3888889;0.11111111;0.11111111;0.5555556;1.0;0;58287
27;3;0;11270;40;0.05;0.225;0.225;0.1;0.2;0.2;0.425;0.875;0;36546
29;0;0;89307;20;0.3;0.25;0.1;0.15;0.15;0.05;0.55;0.15;0;71065
321;4;1;19025;3;0.0;0.0;0.33333334;0.6666667;0.0;0.0;0.6666667;0.6666667;0;90627
115;1;0;72112;17;0.11764706;0.0;0.3529412;0.3529412;0.05882353;0.11764706;0.47058824;0.3529412;0;82575
96;1;1;12252;28;0.14285715;0.14285715;0.21428572;0.10714286;0.21428572;0.17857143;0.5;0.9285714;0;78355
30;4;0;97853;43;0.18604651;0.093023255;0.23255815;0.23255815;0.18604651;0.069767445;0.30232558;0.023255814;0;86223
273;3;0;61781;47;0.08510638;0.17021276;0.14893617;0.14893617;0.21276596;0.23404256;0.34042552;0.29787233;0;88095
463;3;0;99446;36;0.083333336;0.22222222;0.1388889;0.19444445;0.22222222;0.1388889;0.22222222;0.0;0;66181
343;4;0;24275;34;0.1764706;0.1764706;0.14705883;0.14705883;0.0882353;0.2647059;0.32352942;0.8235294;0;50791
181;4;0;69382;2;0.0;1.0;0.0;0.0;0.0;0.0;0.5;0.5;0;3569
103;0;0;71344;49;0.14285715;0.14285715;0.10204082;0.12244898;0.26530612;0.2244898;0.53061223;0.24489796;0;63636
78;5;1;37034;23;0.13043478;0.17391305;0.26086956;0.2173913;0.17391305;0.04347826;0.39130434;0.47826087;0;86373
419;3;0;3087;23;0.26086956;0.17391305;0.08695652;0.04347826;0.17391305;0.26086956;0.2173913;1.0;0;6453
264;4;1;10240;12;0.083333336;0.41666666;0.16666667;0.33333334;0.0;0.0;0.33333334;0.8333333;0;10742
225;3;0;40579;7;0.0;0.14285715;0.0;0.14285715;0.42857143;0.2857143;0.14285715;0.71428573;0;4791
306;0;1;44567;41;0.24390244;0.12195122;0.12195122;0.12195122;0.19512194;0.19512194;0.4878049;0.5121951;0;99734
225;5;0;53620;11;0.36363637;0.36363637;0.0;0.18181819;0.0;0.09090909;0.45454547;0.54545456;0;45364
79;3;0;10030;2;0.5;0.0;0.0;0.0;0.5;0.0;0.5;1.0;0;710
64;3;1;15087;39;0.102564104;0.23076923;0.20512821;0.102564104;0.25641027;0.102564104;0.33333334;0.8974359;0;82838
223;1;1;16795;13;0.53846157;0.15384616;0.0;0.0;0.07692308;0.23076923;0.3846154;0.6923077;0;56023
271;0;0;53273;21;0.14285715;0.1904762;0.23809524;0.0952381;0.23809524;0.0952381;0.47619048;0.52380955;0;96165
325;0;1;61748;8;0.375;0.25;0.125;0.125;0.0;0.125;0.25;0.5;0;28953
137;2;1;34305;4;0.0;0.0;0.0;0.25;0.25;0.5;0.0;0.5;1;3431
427;1;0;57600;38;0.28947368;0.10526316;0.15789473;0.15789473;0.13157895;0.15789473;0.21052632;0.34210527;0;99023
349;1;0;22114;11;0.09090909;0.09090909;0.18181819;0.09090909;0.36363637;0.18181819;0.36363637;0.72727275;0;73403
342;2;1;99961;1;0.0;0.0;0.0;1.0;0.0;0.0;0.0;0.0;1;5217
29;2;0;24194;25;0.24;0.2;0.2;0.12;0.16;0.08;0.16;0.84;0;61289
38;2;1;9667;13;0.15384616;0.0;0.23076923;0.23076923;0.23076923;0.15384616;0.3846154;0.84615386;0;44282
212;5;1;53189;4;0.0;0.25;0.0;0.25;0.0;0.5;0.5;0.5;0;79947
387;2;0;85987;45;0.13333334;0.2;0.24444444;0.13333334;0.17777778;0.11111111;0.33333334;0.11111111;0;45012
443;2;0;68481;20;0.15;0.3;0.15;0.2;0.05;0.15;0.4;0.3;0;75335
227;3;1;6465;40;0.15;0.2;0.175;0.175;0.15;0.15;0.25;0.9;0;58210
45;3;0;82175;27;0.037037037;0.18518518;0.22222222;0.25925925;0.14814815;0.14814815;0.2962963;0.14814815;0;89713
317;5;0;64440;29;0.10344828;0.13793103;0.2413793;0.2413793;0.1724138;0.10344828;0.20689656;0.27586207;0;75208
182;1;0;2461;19;0.15789473;0.21052632;0.10526316;0.15789473;0.2631579;0.10526316;0.36842105;0.94736844;0;63863
16;1;0;27734;20;0.1;0.1;0.1;0.25;0.2;0.25;0.25;0.8;0;89524
351;4;0;9681;17;0.11764706;0.0;0.23529412;0.11764706;0.4117647;0.11764706;0.3529412;0.8235294;0;69334
338;5;1;37611;40;0.15;0.125;0.125;0.125;0.375;0.1;0.45;0.625;0;95624
167;4;0;39966;7;0.14285715;0.2857143;0.2857143;0.2857143;0.0;0.0;0.2857143;0.5714286;0;18810
41;1;1;4226;34;0.11764706;0.29411766;0.14705883;0.23529412;0.05882353;0.14705883;0.3529412;0.9411765;0;89230
479;2;0;88693;23;0.39130434;0.17391305;0.17391305;0.13043478;0.04347826;0.08695652;0.26086956;0.13043478;0;15980
375;0;0;90602;43;0.093023255;0.23255815;0.23255815;0.13953489;0.20930232;0.093023255;0.3488372;0.18604651;0;67655
177;0;1;96198;11;0.09090909;0.27272728;0.27272728;0.27272728;0.09090909;0.0;0.6363636;0.18181819;0;29638
484;4;0;75518;27;0.14814815;0.11111111;0.44444445;0.037037037;0.037037037;0.22222222;0.5925926;0.2962963;0;50420
226;2;0;70822;11;0.18181819;0.09090909;0.54545456;0.0;0.09090909;0.09090909;0.27272728;0.72727275;0;36485
431;0;0;85500;24;0.041666668;0.29166666;0.083333336;0.20833333;0.25;0.125;0.16666667;0.125;0;40128
436;0;0;59242;19;0.15789473;0.21052632;0.05263158;0.10526316;0.36842105;0.10526316;0.42105263;0.42105263;0;95461
84;0;0;45297;10;0.0;0.1;0.0;0.3;0.4;0.2;0.5;0.5;0;52907
51;5;1;26736;23;0.13043478;0.17391305;0.4347826;0.08695652;0.08695652;0.08695652;0.4347826;0.6086956;0;45715
85;0;0;94725;23;0.17391305;0.3478261;0.08695652;0.13043478;0.13043478;0.13043478;0.3478261;0.0;0;8608
267;5;1;41194;17;0.11764706;0.0;0.05882353;0.3529412;0.23529412;0.23529412;0.29411766;0.7647059;0;81314
258;2;1;59455;43;0.23255815;0.1627907;0.1627907;0.093023255;0.23255815;0.11627907;0.44186047;0.3255814;0;90319
397;0;0;99280;30;0.23333333;0.26666668;0.2;0.06666667;0.1;0.13333334;0.26666668;0.0;0;8962
354;5;0;37789;30;0.16666667;0.2;0.23333333;0.1;0.16666667;0.13333334;0.33333334;0.6;0;75811
239;3;0;91090;7;0.42857143;0.0;0.0;0.0;0.2857143;0.2857143;0.42857143;0.0;0;57168
93;3;1;2494;39;0.25641027;0.15384616;0.23076923;0.07692308;0.12820514;0.15384616;0.35897437;1.0;0;46190
112;2;0;9260;13;0.23076923;0.23076923;0.0;0.30769232;0.15384616;0.07692308;0.30769232;1.0;0;68009
434;5;0;67546;16;0.25;0.0625;0.3125;0.0625;0.25;0.0625;0.5625;0.125;0;60555
399;4;1;27246;22;0.18181819;0.22727273;0.18181819;0.18181819;0.13636364;0.09090909;0.27272728;0.59090906;0;67499
381;1;0;96836;32;0.15625;0.1875;0.09375;0.25;0.15625;0.15625;0.40625;0.03125;0;68039
216;5;0;35082;34;0.32352942;0.14705883;0.11764706;0.11764706;0.20588236;0.0882353;0.32352942;0.7647059;0;27828
485;5;1;40103;27;0.11111111;0.14814815;0.2962963;0.11111111;0.14814815;0.18518518;0.37037036;0.6666667;0;96712
388;5;0;24965;9;0.11111111;0.0;0.11111111;0.44444445;0.11111111;0.22222222;0.11111111;0.6666667;0;4503
273;4;0;91027;46;0.17391305;0.19565217;0.23913044;0.08695652;0.1521739;0.1521739;0.32608697;0.04347826;0;85455
60;4;0;85760;38;0.10526316;0.18421052;0.13157895;0.2631579;0.18421052;0.13157895;0.42105263;0.18421052;0;98556
86;5;0;6136;48;0.22916667;0.16666667;0.16666667;0.1875;0.104166664;0.14583333;0.3125;0.9791667;0;94440
102;1;1;16620;46;0.17391305;0.08695652;0.32608697;0.10869565;0.10869565;0.19565217;0.4347826;0.8695652;0;69139
470;1;0;50363;13;0.15384616;0.15384616;0.15384616;0.15384616;0.23076923;0.15384616;0.23076923;0.53846157;0;67413
216;4;0;77851;5;0.2;0.6;0.0;0.0;0.2;0.0;0.2;0.2;0;4152
29;2;1;16955;40;0.125;0.2;0.225;0.125;0.15;0.175;0.425;0.85;0;97688
117;2;0;70216;23;0.17391305;0.2173913;0.4347826;0.13043478;0.04347826;0.0;0.5217391;0.3043478;0;11647
174;0;1;37086;20;0.1;0.25;0.05;0.2;0.2;0.2;0.35;0.65;0;89109
77;3;0;77803;15;0.2;0.13333334;0.06666667;0.13333334;0.33333334;0.13333334;0.2;0.26666668;0;31062
235;4;1;67476;1;1.0;0.0;0.0;0.0;0.0;0.0;1.0;0.0;1;33541
324;1;1;62344;26;0.15384616;0.26923078;0.0;0.23076923;0.1923077;0.15384616;0.3846154;0.30769232;0;97517
486;5;0;98705;7;0.0;0.5714286;0.14285715;0.0;0.2857143;0.0;0.71428573;0.0;0;8141
228;5;0;60536;7;0.14285715;0.2857143;0.2857143;0.2857143;0.0;0.0;0.42857143;0.71428573;0;20705
148;1;0;49824;49;0.10204082;0.12244898;0.2244898;0.18367347;0.18367347;0.18367347;0.46938777;0.3877551;0;95305
46;3;0;15447;23;0.17391305;0.13043478;0.2173913;0.17391305;0.17391305;0.13043478;0.47826087;0.8695652;0;60160
447;3;1;74789;36;0.11111111;0.16666667;0.16666667;0.1388889;0.25;0.16666667;0.5555556;0.19444445;0;98248
90;2;0;69747;33;0.09090909;0.15151516;0.121212125;0.21212122;0.121212125;0.3030303;0.3939394;0.24242425;0;88642
92;1;0;7449;26;0.26923078;0.03846154;0.30769232;0.15384616;0.03846154;0.1923077;0.1923077;0.88461536;0;24209
424;0;0;86077;40;0.125;0.25;0.15;0.175;0.125;0.175;0.3;0.125;0;70379
341;2;0;48437;6;0.33333334;0.16666667;0.16666667;0.16666667;0.0;0.16666667;0.16666667;0.6666667;0;5185
189;3;0;35961;8;0.0;0.25;0.125;0.125;0.375;0.125;0.125;0.875;0;5309
207;0;0;32365;37;0.21621622;0.08108108;0.1891892;0.10810811;0.1891892;0.21621622;0.3243243;0.7297297;0;60024
299;2;0;39094;17;0.1764706;0.1764706;0.1764706;0.1764706;0.05882353;0.23529412;0.29411766;0.8235294;0;15918
322;5;1;73860;47;0.21276596;0.08510638;0.23404256;0.10638298;0.14893617;0.21276596;0.34042552;0.21276596;0;97683
497;2;0;59152;28;0.21428572;0.14285715;0.25;0.071428575;0.21428572;0.10714286;0.35714287;0.4642857;0;79068
419;2;0;75399;44;0.13636364;0.1590909;0.13636364;0.18181819;0.1590909;0.22727273;0.5;0.3181818;0;82079
388;3;1;75673;16;0.0625;0.125;0.25;0.25;0.125;0.1875;0.25;0.375;0;85984
497;1;1;42540;41;0.12195122;0.24390244;0.19512194;0.09756097;0.07317073;0.2682927;0.31707317;0.63414633;0;60187
271;3;0;53041;34;0.1764706;0.2647059;0.20588236;0.11764706;0.0882353;0.14705883;0.29411766;0.47058824;0;5081
55;2;1;44053;30;0.06666667;0.13333334;0.23333333;0.26666668;0.13333334;0.16666667;0.3;0.6;0;89093
267;1;1;39830;32;0.1875;0.25;0.09375;0.1875;0.125;0.15625;0.5625;0.53125;0;93635
68;4;1;93557;23;0.0;0.08695652;0.26086956;0.2173913;0.26086956;0.17391305;0.4347826;0.13043478;0;96401
377;2;0;79508;21;0.04761905;0.3809524;0.1904762;0.14285715;0.04761905;0.1904762;0.23809524;0.2857143;0;5085
97;0;1;22670;40;0.225;0.125;0.175;0.2;0.225;0.05;0.325;0.9;0;82243
68;2;0;8925;6;0.16666667;0.16666667;0.0;0.16666667;0.0;0.5;0.6666667;0.8333333;0;31008
134;1;0;85218;6;0.16666667;0.33333334;0.5;0.0;0.0;0.0;0.6666667;0.16666667;0;9631
176;2;1;82876;48;0.20833333;0.20833333;0.125;0.0625;0.125;0.27083334;0.47916666;0.16666667;0;97039
430;1;1;85957;17;0.05882353;0.23529412;0.29411766;0.11764706;0.11764706;0.1764706;0.29411766;0.1764706;0;92786
278;3;0;28989;43;0.20930232;0.1627907;0.18604651;0.069767445;0.13953489;0.23255815;0.5116279;0.7209302;0;71816
323;0;1;37877;19;0.05263158;0.21052632;0.42105263;0.15789473;0.05263158;0.10526316;0.42105263;0.6315789;0;5751
26;0;0;6461;40;0.125;0.175;0.325;0.125;0.1;0.15;0.375;0.9;0;68408
451;3;1;97485;37;0.24324325;0.16216215;0.13513513;0.16216215;0.16216215;0.13513513;0.2972973;0.027027028;1;97485
238;5;1;90669;43;0.093023255;0.13953489;0.23255815;0.093023255;0.13953489;0.30232558;0.37209302;0.11627907;1;88329
448;3;0;71224;7;0.14285715;0.2857143;0.2857143;0.14285715;0.0;0.14285715;0.71428573;0.42857143;0;67625
70;5;0;57233;41;0.14634146;0.17073171;0.29268292;0.09756097;0.14634146;0.14634146;0.34146342;0.31707317;0;89032
212;2;1;47715;14;0.21428572;0.0;0.21428572;0.2857143;0.21428572;0.071428575;0.21428572;0.5;0;11345
286;5;1;8763;18;0.11111111;0.22222222;0.16666667;0.16666667;0.055555556;0.2777778;0.5;0.9444444;0;25427
388;3;1;53366;1;0.0;0.0;0.0;1.0;0.0;0.0;1.0;1.0;0;64286
159;3;0;43693;49;0.10204082;0.24489796;0.1632653;0.08163265;0.20408164;0.20408164;0.46938777;0.53061223;0;91192
62;4;0;22495;15;0.06666667;0.06666667;0.33333334;0.06666667;0.2;0.26666668;0.4;0.6;0;18641
217;0;0;26034;49;0.10204082;0.20408164;0.08163265;0.20408164;0.14285715;0.26530612;0.40816328;0.67346936;0;99585
288;3;0;8102;27;0.11111111;0.14814815;0.14814815;0.11111111;0.33333334;0.14814815;0.4814815;0.9259259;0;99889
475;1;0;11474;16;0.1875;0.0625;0.4375;0.125;0.125;0.0625;0.4375;0.875;0;38662
376;4;0;27758;11;0.09090909;0.18181819;0.0;0.36363637;0.18181819;0.18181819;0.45454547;0.72727275;0;98163
344;3;1;30614;42;0.1904762;0.04761905;0.23809524;0.1904762;0.16666667;0.16666667;0.2857143;0.6904762;0;96279
478;1;1;44948;14;0.14285715;0.21428572;0.14285715;0.14285715;0.2857143;0.071428575;0.42857143;0.35714287;0;31865
228;5;0;45328;25;0.36;0.08;0.08;0.12;0.24;0.12;0.28;0.44;0;72647
150;0;0;67672;27;0.11111111;0.22222222;0.14814815;0.18518518;0.074074075;0.25925925;0.37037036;0.22222222;0;87422
447;0;1;25444;41;0.19512194;0.24390244;0.17073171;0.14634146;0.14634146;0.09756097;0.36585367;0.8292683;0;78534
211;4;0;65585;34;0.1764706;0.11764706;0.14705883;0.1764706;0.11764706;0.2647059;0.44117647;0.32352942;0;80107
33;5;0;61586;32;0.125;0.15625;0.15625;0.1875;0.15625;0.21875;0.375;0.34375;0;92119
354;0;1;42842;31;0.09677419;0.12903225;0.3548387;0.16129032;0.16129032;0.09677419;0.4516129;0.58064514;0;71719
438;3;0;2091;31;0.032258064;0.19354838;0.16129032;0.06451613;0.16129032;0.38709676;0.29032257;1.0;0;99632
69;2;1;75939;8;0.375;0.125;0.125;0.0;0.125;0.25;0.625;0.25;0;2001
212;3;0;57344;38;0.21052632;0.18421052;0.18421052;0.05263158;0.15789473;0.21052632;0.4473684;0.4473684;0;93482
101;3;0;30644;24;0.125;0.16666667;0.16666667;0.083333336;0.125;0.33333334;0.25;0.7916667;0;75471
469;4;1;65303;20;0.25;0.15;0.15;0.1;0.15;0.2;0.45;0.0;1;62458
343;2;1;9591;13;0.07692308;0.3846154;0.23076923;0.07692308;0.07692308;0.15384616;0.46153846;0.84615386;0;65444
22;4;1;99999;41;0.19512194;0.14634146;0.17073171;0.09756097;0.29268292;0.09756097;0.2682927;0.0;1;94929
377;2;1;17867;15;0.26666668;0.13333334;0.0;0.26666668;0.2;0.13333334;0.46666667;0.93333334;0;89367
254;3;0;25170;38;0.10526316;0.05263158;0.10526316;0.31578946;0.15789473;0.2631579;0.39473686;0.84210527;0;87371
147;1;0;32207;31;0.16129032;0.16129032;0.2580645;0.12903225;0.19354838;0.09677419;0.22580644;0.7419355;0;44566
424;0;1;72773;26;0.1923077;0.115384616;0.23076923;0.23076923;0.1923077;0.03846154;0.30769232;0.115384616;0;48932
434;3;1;1909;15;0.13333334;0.13333334;0.06666667;0.13333334;0.2;0.33333334;0.2;0.8666667;0;48763
480;1;0;41314;35;0.2;0.114285715;0.14285715;0.25714287;0.08571429;0.2;0.34285715;0.71428573;0;97002
448;5;0;79891;34;0.05882353;0.14705883;0.1764706;0.29411766;0.0882353;0.23529412;0.44117647;0.1764706;0;96573
270;0;0;26901;15;0.13333334;0.2;0.13333334;0.06666667;0.26666668;0.2;0.33333334;0.93333334;0;91304
371;0;1;55235;30;0.13333334;0.26666668;0.1;0.23333333;0.1;0.16666667;0.26666668;0.4;0;65749
168;1;0;24766;48;0.1875;0.0625;0.20833333;0.1875;0.1875;0.16666667;0.4375;0.8125;0;85656
366;3;0;80718;23;0.3043478;0.17391305;0.17391305;0.08695652;0.08695652;0.17391305;0.3043478;0.2173913;0;23405
169;1;1;67621;5;0.4;0.2;0.0;0.0;0.2;0.2;0.6;0.2;0;5443
317;3;0;69699;8;0.125;0.25;0.375;0.0;0.125;0.125;0.375;0.375;0;6477
352;0;1;5908;23;0.17391305;0.2173913;0.08695652;0.13043478;0.2173913;0.17391305;0.3478261;0.8695652;0;89873
76;1;1;78382;47;0.21276596;0.27659574;0.14893617;0.10638298;0.12765957;0.12765957;0.42553192;0.27659574;0;88965
424;0;0;35746;15;0.13333334;0.33333334;0.2;0.06666667;0.13333334;0.13333334;0.26666668;0.6;0;14398
468;3;0;97865;33;0.121212125;0.121212125;0.15151516;0.18181819;0.18181819;0.24242425;0.3030303;0.0;0;91757
147;2;1;32189;44;0.13636364;0.20454545;0.22727273;0.1590909;0.1590909;0.11363637;0.38636363;0.6136364;0;84068
420;5;1;78480;10;0.1;0.2;0.1;0.1;0.3;0.2;0.6;0.5;0;83351
61;3;0;17381;5;0.4;0.2;0.2;0.2;0.0;0.0;0.6;1.0;0;42235
278;0;0;18054;38;0.10526316;0.13157895;0.18421052;0.15789473;0.15789473;0.2631579;0.36842105;0.8684211;0;76781
400;1;0;72863;12;0.16666667;0.083333336;0.16666667;0.16666667;0.25;0.16666667;0.16666667;0.25;0;58657
174;5;0;30212;41;0.2195122;0.19512194;0.048780486;0.17073171;0.19512194;0.17073171;0.34146342;0.5365854;0;91688
400;5;1;77515;17;0.05882353;0.23529412;0.23529412;0.11764706;0.05882353;0.29411766;0.4117647;0.11764706;1;26448
58;2;0;69571;27;0.11111111;0.25925925;0.25925925;0.14814815;0.037037037;0.18518518;0.22222222;0.5185185;0;48610
353;0;0;76668;4;0.25;0.25;0.0;0.0;0.0;0.5;0.75;0.25;0;5724
146;2;0;80755;12;0.16666667;0.33333334;0.16666667;0.16666667;0.083333336;0.083333336;0.083333336;0.25;0;4642
233;2;0;16381;17;0.29411766;0.23529412;0.1764706;0.05882353;0.05882353;0.1764706;0.29411766;0.88235295;0;55263
383;0;0;70032;45;0.15555556;0.15555556;0.2;0.17777778;0.11111111;0.2;0.35555556;0.37777779;0;87178
481;5;1;879;39;0.12820514;0.12820514;0.15384616;0.15384616;0.17948718;0.25641027;0.3846154;1.0;0;92142
148;3;1;39550;13;0.15384616;0.23076923;0.30769232;0.15384616;0.0;0.15384616;0.3846154;0.61538464;0;39777
268;2;0;64962;28;0.21428572;0.32142857;0.14285715;0.071428575;0.14285715;0.10714286;0.32142857;0.2857143;0;88013
211;2;0;99906;5;0.4;0.0;0.0;0.4;0.2;0.0;0.2;0.0;0;5186
59;4;1;58946;13;0.23076923;0.23076923;0.15384616;0.23076923;0.15384616;0.0;0.23076923;0.15384616;1;8973
444;1;0;5301;16;0.125;0.1875;0.0625;0.25;0.375;0.0;0.25;1.0;0;9859
369;2;0;24252;32;0.25;0.0625;0.125;0.25;0.09375;0.21875;0.4375;0.625;0;91032
307;3;1;7531;43;0.23255815;0.1627907;0.1627907;0.13953489;0.20930232;0.093023255;0.55813956;0.9302326;0;70647
399;2;0;28938;17;0.05882353;0.29411766;0.0;0.11764706;0.23529412;0.29411766;0.3529412;0.7058824;0;99314
461;5;1;45297;3;0.33333334;0.0;0.33333334;0.0;0.0;0.33333334;0.6666667;0.33333334;1;45297
197;4;0;85676;12;0.083333336;0.083333336;0.25;0.25;0.16666667;0.16666667;0.16666667;0.083333336;0;9619
473;2;0;54835;21;0.2857143;0.0952381;0.0952381;0.1904762;0.1904762;0.14285715;0.3809524;0.3809524;0;73171
148;4;0;17700;17;0.1764706;0.11764706;0.1764706;0.1764706;0.1764706;0.1764706;0.47058824;1.0;0;94350
468;2;0;56808;14;0.21428572;0.0;0.071428575;0.2857143;0.14285715;0.2857143;0.5;0.21428572;0;83774
427;5;0;42894;38;0.13157895;0.18421052;0.15789473;0.23684211;0.078947365;0.21052632;0.21052632;0.55263156;0;92363
314;1;1;36554;25;0.28;0.16;0.12;0.08;0.2;0.16;0.16;0.8;0;69411
442;4;0;41483;16;0.125;0.375;0.25;0.0;0.1875;0.0625;0.1875;0.75;0;69541
65;5;1;96293;41;0.14634146;0.19512194;0.12195122;0.34146342;0.09756097;0.09756097;0.36585367;0.048780486;1;95926
414;2;1;4047;9;0.5555556;0.22222222;0.0;0.11111111;0.11111111;0.0;0.22222222;1.0;0;27223
156;5;0;97047;25;0.16;0.12;0.2;0.08;0.24;0.2;0.44;0.0;0;90514
416;5;0;30982;9;0.11111111;0.11111111;0.11111111;0.11111111;0.11111111;0.44444445;0.22222222;0.6666667;0;14693
294;2;1;14543;45;0.13333334;0.13333334;0.15555556;0.22222222;0.17777778;0.17777778;0.22222222;0.7777778;0;92653
201;2;1;22968;42;0.11904762;0.16666667;0.071428575;0.23809524;0.21428572;0.1904762;0.33333334;0.7619048;0;86910
213;1;1;69695;28;0.035714287;0.14285715;0.14285715;0.25;0.25;0.17857143;0.35714287;0.32142857;0;89696
306;0;1;74698;9;0.11111111;0.0;0.11111111;0.11111111;0.11111111;0.5555556;0.33333334;0.33333334;0;76039
448;2;0;86385;30;0.2;0.13333334;0.26666668;0.2;0.16666667;0.033333335;0.3;0.2;0;76681
291;5;0;36063;26;0.115384616;0.1923077;0.30769232;0.03846154;0.1923077;0.15384616;0.5769231;0.84615386;0;93185
276;5;0;46274;28;0.21428572;0.071428575;0.10714286;0.21428572;0.14285715;0.25;0.2857143;0.64285713;0;58031
122;1;0;41174;13;0.15384616;0.15384616;0.23076923;0.23076923;0.23076923;0.0;0.30769232;0.61538464;0;13227
440;3;0;78426;34;0.1764706;0.11764706;0.23529412;0.23529412;0.11764706;0.11764706;0.20588236;0.05882353;0;72898
389;3;1;28838;5;0.2;0.2;0.4;0.0;0.0;0.2;0.4;0.8;1;14083
286;1;0;37775;10;0.2;0.2;0.0;0.2;0.2;0.2;0.5;0.8;0;99344
119;5;0;83682;8;0.0;0.25;0.125;0.125;0.25;0.25;0.25;0.375;0;9258
204;4;1;67697;41;0.14634146;0.17073171;0.17073171;0.2682927;0.12195122;0.12195122;0.19512194;0.36585367;0;71298
390;5;0;31927;4;0.25;0.5;0.25;0.0;0.0;0.0;0.75;0.5;0;8281
169;0;1;10265;9;0.5555556;0.11111111;0.0;0.0;0.0;0.33333334;0.44444445;1.0;0;1793
327;4;0;74367;46;0.1521739;0.10869565;0.2173913;0.19565217;0.06521739;0.26086956;0.32608697;0.3043478;0;94743
444;3;0;69569;29;0.13793103;0.20689656;0.2413793;0.20689656;0.13793103;0.06896552;0.31034482;0.2413793;0;96957
207;2;1;9373;7;0.2857143;0.14285715;0.0;0.42857143;0.14285715;0.0;0.5714286;1.0;0;38368
259;5;0;15742;18;0.055555556;0.11111111;0.33333334;0.11111111;0.16666667;0.22222222;0.3888889;0.9444444;0;86840
55;4;1;93677;33;0.15151516;0.121212125;0.24242425;0.121212125;0.24242425;0.121212125;0.42424244;0.09090909;1;89466
70;4;0;77478;35;0.2;0.114285715;0.17142858;0.25714287;0.14285715;0.114285715;0.2857143;0.114285715;0;47877
17;5;1;70884;10;0.1;0.0;0.1;0.2;0.5;0.1;0.4;0.4;0;86378
106;1;0;72772;26;0.115384616;0.23076923;0.15384616;0.23076923;0.15384616;0.115384616;0.5;0.3846154;0;85645
415;3;1;71003;19;0.21052632;0.05263158;0.15789473;0.15789473;0.15789473;0.2631579;0.57894737;0.36842105;0;93497
372;4;0;73833;47;0.21276596;0.12765957;0.19148937;0.14893617;0.17021276;0.14893617;0.25531915;0.38297874;0;77862
324;4;0;76916;18;0.16666667;0.22222222;0.11111111;0.33333334;0.11111111;0.055555556;0.3888889;0.33333334;0;50086
89;3;0;58303;15;0.2;0.06666667;0.06666667;0.2;0.26666668;0.2;0.53333336;0.46666667;0;72722
244;5;0;97190;49;0.1632653;0.1632653;0.2244898;0.2244898;0.14285715;0.08163265;0.30612245;0.040816326;0;94739
320;5;0;2414;22;0.18181819;0.27272728;0.09090909;0.09090909;0.22727273;0.13636364;0.36363637;0.95454544;0;69812
305;4;1;47727;19;0.0;0.15789473;0.15789473;0.15789473;0.36842105;0.15789473;0.42105263;0.47368422;0;73623
95;2;1;37507;11;0.0;0.18181819;0.27272728;0.27272728;0.18181819;0.09090909;0.27272728;0.54545456;0;15333
82;2;0;61776;15;0.06666667;0.33333334;0.0;0.2;0.26666668;0.13333334;0.33333334;0.46666667;0;41469
232;1;1;45413;26;0.34615386;0.07692308;0.15384616;0.15384616;0.1923077;0.07692308;0.30769232;0.42307693;0;78509
55;3;0;36511;3;0.33333334;0.0;0.33333334;0.33333334;0.0;0.0;0.33333334;0.33333334;0;1924
334;3;0;29590;47;0.17021276;0.12765957;0.23404256;0.14893617;0.23404256;0.08510638;0.5106383;0.65957445;0;84736
200;5;0;74752;30;0.2;0.1;0.26666668;0.06666667;0.2;0.16666667;0.3;0.3;0;82841
490;2;0;51145;8;0.0;0.125;0.125;0.125;0.125;0.5;0.625;0.625;0;83761
358;4;1;94873;9;0.11111111;0.22222222;0.22222222;0.0;0.11111111;0.33333334;0.33333334;0.0;1;43695
141;1;0;51472;23;0.04347826;0.13043478;0.2173913;0.13043478;0.2173913;0.26086956;0.5217391;0.3478261;0;73287
312;4;1;98422;43;0.093023255;0.093023255;0.20930232;0.13953489;0.20930232;0.25581396;0.27906978;0.0;1;98370
328;4;0;67429;15;0.06666667;0.13333334;0.26666668;0.2;0.06666667;0.26666668;0.2;0.2;0;93525
462;5;1;87528;13;0.23076923;0.23076923;0.07692308;0.07692308;0.30769232;0.07692308;0.23076923;0.0;1;28043
156;5;0;81777;9;0.0;0.33333334;0.0;0.33333334;0.11111111;0.22222222;0.5555556;0.11111111;0;50239
487;5;0;72190;15;0.06666667;0.13333334;0.26666668;0.2;0.2;0.13333334;0.53333336;0.46666667;0;17780
340;1;1;39837;16;0.3125;0.125;0.1875;0.1875;0.0625;0.125;0.4375;0.6875;0;17101
177;1;0;39957;26;0.23076923;0.26923078;0.0;0.1923077;0.15384616;0.15384616;0.3846154;0.5769231;0;79361
17;5;0;82783;26;0.15384616;0.115384616;0.03846154;0.30769232;0.115384616;0.26923078;0.34615386;0.1923077;0;40840
15;3;0;17582;8;0.25;0.125;0.0;0.25;0.125;0.25;0.25;0.875;0;10247
110;0;1;76416;49;0.10204082;0.12244898;0.26530612;0.10204082;0.1632653;0.24489796;0.26530612;0.18367347;0;77731
115;0;0;63802;31;0.19354838;0.16129032;0.12903225;0.16129032;0.19354838;0.16129032;0.41935483;0.3548387;0;96064
115;3;1;77164;19;0.21052632;0.15789473;0.21052632;0.15789473;0.15789473;0.10526316;0.31578946;0.21052632;0;95549
297;4;1;73843;38;0.15789473;0.13157895;0.10526316;0.21052632;0.2631579;0.13157895;0.4473684;0.21052632;0;96834
496;2;1;83215;31;0.16129032;0.09677419;0.16129032;0.29032257;0.16129032;0.12903225;0.41935483;0.16129032;0;70096
119;3;1;22978;11;0.27272728;0.09090909;0.18181819;0.36363637;0.0;0.09090909;0.45454547;0.6363636;0;23232
249;0;0;79692;37;0.10810811;0.10810811;0.16216215;0.21621622;0.08108108;0.3243243;0.5135135;0.16216215;0;86659
318;3;1;1698;30;0.1;0.2;0.13333334;0.13333334;0.3;0.13333334;0.4;1.0;0;95990
201;5;0;76191;30;0.06666667;0.2;0.16666667;0.13333334;0.2;0.23333333;0.36666667;0.26666668;0;94622
426;2;1;78337;47;0.19148937;0.19148937;0.17021276;0.12765957;0.19148937;0.12765957;0.42553192;0.17021276;0;81355
488;0;0;60813;49;0.2244898;0.10204082;0.24489796;0.12244898;0.18367347;0.12244898;0.40816328;0.46938777;0;91520
62;0;1;37027;44;0.11363637;0.22727273;0.1590909;0.09090909;0.27272728;0.13636364;0.4090909;0.54545456;0;94797
439;2;0;90849;14;0.14285715;0.14285715;0.2857143;0.0;0.2857143;0.14285715;0.35714287;0.071428575;0;80515
302;1;1;87081;43;0.3255814;0.13953489;0.18604651;0.13953489;0.11627907;0.093023255;0.41860464;0.093023255;0;78667
439;0;0;41492;25;0.12;0.08;0.24;0.2;0.08;0.28;0.28;0.68;0;89750
455;1;0;89769;3;0.33333334;0.0;0.33333334;0.0;0.33333334;0.0;0.33333334;0.33333334;0;4649
269;3;0;81483;37;0.10810811;0.21621622;0.16216215;0.16216215;0.16216215;0.1891892;0.4864865;0.24324325;0;94415
179;0;0;36336;35;0.22857143;0.114285715;0.2;0.08571429;0.17142858;0.2;0.37142858;0.71428573;0;85779
225;4;0;46560;22;0.18181819;0.09090909;0.09090909;0.22727273;0.09090909;0.3181818;0.4090909;0.54545456;0;78928
142;2;0;48777;15;0.13333334;0.06666667;0.2;0.33333334;0.13333334;0.13333334;0.4;0.4;0;60976
471;5;0;88054;48;0.14583333;0.20833333;0.104166664;0.16666667;0.125;0.25;0.5;0.0625;0;76594
98;0;1;8012;48;0.083333336;0.3125;0.1875;0.16666667;0.14583333;0.104166664;0.375;0.9166667;0;99295
299;2;1;9624;1;1.0;0.0;0.0;0.0;0.0;0.0;1.0;1.0;1;4926
495;1;0;35888;31;0.12903225;0.032258064;0.2580645;0.19354838;0.12903225;0.2580645;0.4516129;0.6451613;0;65326
286;0;0;67645;35;0.2;0.2;0.14285715;0.22857143;0.17142858;0.057142857;0.25714287;0.2;0;75410
381;0;0;18111;25;0.08;0.2;0.2;0.2;0.2;0.12;0.52;0.8;0;79755
43;3;0;54668;49;0.10204082;0.18367347;0.20408164;0.08163265;0.1632653;0.26530612;0.36734694;0.5102041;0;92694
298;5;0;42328;2;0.0;0.0;0.0;0.5;0.0;0.5;0.5;1.0;0;4425
257;4;0;31378;41;0.12195122;0.14634146;0.2682927;0.19512194;0.14634146;0.12195122;0.34146342;0.68292683;0;83494
486;4;1;60002;14;0.0;0.2857143;0.2857143;0.14285715;0.14285715;0.14285715;0.5;0.64285713;0;70791
140;1;0;14361;3;0.0;0.0;0.33333334;0.0;0.0;0.6666667;0.0;1.0;0;4751
358;1;0;43563;49;0.08163265;0.24489796;0.14285715;0.2244898;0.08163265;0.2244898;0.42857143;0.59183675;0;96602
136;0;0;46713;18;0.33333334;0.22222222;0.11111111;0.22222222;0.055555556;0.055555556;0.3888889;0.5555556;0;81466
493;4;0;24589;1;0.0;0.0;1.0;0.0;0.0;0.0;0.0;1.0;0;1383
355;5;1;89234;49;0.14285715;0.08163265;0.08163265;0.18367347;0.2857143;0.2244898;0.30612245;0.14285715;0;97101
151;2;1;44455;39;0.15384616;0.17948718;0.15384616;0.12820514;0.17948718;0.20512821;0.35897437;0.5641026;0;94712
347;3;0;39828;21;0.1904762;0.14285715;0.14285715;0.23809524;0.14285715;0.14285715;0.33333334;0.33333334;0;26128
435;4;0;43417;43;0.13953489;0.20930232;0.093023255;0.13953489;0.3255814;0.093023255;0.3488372;0.60465115;0;88198
394;1;1;99773;18;0.22222222;0.16666667;0.22222222;0.16666667;0.055555556;0.16666667;0.5;0.0;0;88367
334;4;0;89868;15;0.0;0.33333334;0.13333334;0.2;0.2;0.13333334;0.26666668;0.33333334;0;34265
487;2;0;24814;32;0.25;0.25;0.125;0.09375;0.09375;0.1875;0.3125;0.625;0;90107
147;3;1;90550;31;0.06451613;0.16129032;0.2580645;0.19354838;0.16129032;0.16129032;0.41935483;0.19354838;0;94983
302;1;0;4739;21;0.1904762;0.33333334;0.0952381;0.04761905;0.1904762;0.14285715;0.47619048;0.95238096;0;26202
144;0;0;99549;24;0.125;0.20833333;0.25;0.125;0.125;0.16666667;0.41666666;0.0;0;88817
120;1;0;50677;40;0.25;0.15;0.15;0.125;0.075;0.25;0.225;0.525;0;72990
55;2;1;34297;43;0.27906978;0.18604651;0.11627907;0.093023255;0.1627907;0.1627907;0.4883721;0.627907;0;70477
482;1;0;75169;13;0.15384616;0.23076923;0.07692308;0.15384616;0.15384616;0.23076923;0.46153846;0.23076923;0;49744
276;2;1;41072;10;0.1;0.1;0.1;0.3;0.0;0.4;0.3;0.5;0;11811
149;1;1;11052;16;0.3125;0.125;0.1875;0.0625;0.125;0.1875;0.375;0.9375;0;74549
55;0;0;25773;44;0.27272728;0.18181819;0.11363637;0.22727273;0.09090909;0.11363637;0.3409091;0.70454544;0;62769
105;4;0;27074;35;0.2;0.2857143;0.17142858;0.14285715;0.17142858;0.028571429;0.2857143;0.71428573;0;4979
466;2;0;56900;49;0.06122449;0.24489796;0.18367347;0.2244898;0.12244898;0.1632653;0.3265306;0.36734694;0;79285
256;5;1;30069;23;0.3043478;0.08695652;0.2173913;0.17391305;0.17391305;0.04347826;0.39130434;0.6086956;0;78813
233;4;0;63730;13;0.15384616;0.15384616;0.15384616;0.15384616;0.15384616;0.23076923;0.30769232;0.61538464;0;57248
118;5;1;4367;27;0.074074075;0.14814815;0.18518518;0.25925925;0.11111111;0.22222222;0.2962963;1.0;0;81538
467;3;1;67444;19;0.10526316;0.2631579;0.05263158;0.05263158;0.31578946;0.21052632;0.2631579;0.47368422;0;87693
412;1;1;49907;34;0.20588236;0.20588236;0.0882353;0.20588236;0.0882353;0.20588236;0.38235295;0.7647059;0;94330
171;1;0;76713;32;0.25;0.09375;0.25;0.1875;0.15625;0.0625;0.25;0.125;0;32100
20;2;1;84693;42;0.23809524;0.0952381;0.26190478;0.11904762;0.0952381;0.1904762;0.42857143;0.04761905;0;99002
275;3;0;52903;13;0.0;0.15384616;0.23076923;0.15384616;0.23076923;0.23076923;0.46153846;0.46153846;0;84773
163;2;0;94051;28;0.17857143;0.21428572;0.10714286;0.10714286;0.21428572;0.17857143;0.42857143;0.035714287;0;65817
152;5;0;90728;49;0.20408164;0.08163265;0.18367347;0.14285715;0.18367347;0.20408164;0.3469388;0.040816326;0;86165
449;3;0;87799;16;0.125;0.25;0.0625;0.1875;0.125;0.25;0.3125;0.125;0;68237
181;2;1;66167;15;0.0;0.13333334;0.13333334;0.26666668;0.26666668;0.2;0.4;0.26666668;0;82270
334;0;0;73903;25;0.12;0.28;0.2;0.12;0.12;0.16;0.44;0.44;0;92952
237;0;0;31060;41;0.07317073;0.14634146;0.2682927;0.19512194;0.07317073;0.24390244;0.31707317;0.68292683;0;66324
287;3;0;55430;29;0.1724138;0.2413793;0.10344828;0.1724138;0.1724138;0.13793103;0.44827586;0.5862069;0;97361
152;2;1;52477;18;0.16666667;0.055555556;0.2777778;0.16666667;0.22222222;0.11111111;0.3888889;0.5555556;0;76152
332;2;0;90947;23;0.17391305;0.08695652;0.17391305;0.2173913;0.13043478;0.2173913;0.3478261;0.04347826;0;41434
409;1;0;46942;28;0.071428575;0.10714286;0.17857143;0.17857143;0.2857143;0.17857143;0.39285713;0.6785714;0;69174
308;2;0;97889;3;0.0;0.33333334;0.0;0.0;0.33333334;0.33333334;0.33333334;0.0;0;5630
417;3;1;28926;32;0.09375;0.15625;0.15625;0.03125;0.15625;0.40625;0.34375;0.71875;0;39786
405;5;0;26287;14;0.071428575;0.21428572;0.14285715;0.0;0.42857143;0.14285715;0.5;0.85714287;0;57280
20;4;0;28659;42;0.23809524;0.16666667;0.16666667;0.071428575;0.1904762;0.16666667;0.4047619;0.7619048;0;97021
476;1;0;79814;42;0.11904762;0.11904762;0.16666667;0.23809524;0.11904762;0.23809524;0.35714287;0.1904762;0;78852
180;4;0;34066;8;0.25;0.25;0.25;0.125;0.0;0.125;0.25;0.875;0;22592
85;5;0;57418;18;0.11111111;0.055555556;0.16666667;0.2777778;0.22222222;0.16666667;0.5555556;0.33333334;0;99693
499;5;1;84609;15;0.2;0.06666667;0.2;0.13333334;0.2;0.2;0.33333334;0.0;1;84609
319;5;1;44978;21;0.23809524;0.0952381;0.2857143;0.0952381;0.0952381;0.1904762;0.2857143;0.52380955;0;93430
113;2;0;29936;12;0.083333336;0.33333334;0.083333336;0.16666667;0.0;0.33333334;0.33333334;0.8333333;0;72656
497;3;0;42390;29;0.1724138;0.2413793;0.13793103;0.13793103;0.2413793;0.06896552;0.31034482;0.37931034;0;34963
193;5;1;35587;49;0.08163265;0.1632653;0.2244898;0.10204082;0.20408164;0.2244898;0.3265306;0.53061223;0;88596
225;5;1;53105;16;0.0625;0.375;0.1875;0.1875;0.125;0.0625;0.25;0.4375;1;19009
377;5;1;64847;2;0.0;0.0;0.0;0.0;0.5;0.5;0.0;0.0;1;4356
188;4;1;59887;43;0.13953489;0.1627907;0.11627907;0.25581396;0.27906978;0.046511628;0.25581396;0.44186047;0;66932
364;0;1;38146;23;0.08695652;0.13043478;0.3043478;0.17391305;0.2173913;0.08695652;0.26086956;0.65217394;0;64259
97;2;0;15886;30;0.1;0.13333334;0.2;0.23333333;0.2;0.13333334;0.3;0.8333333;0;88072
395;3;1;97849;42;0.16666667;0.1904762;0.071428575;0.16666667;0.26190478;0.14285715;0.5;0.04761905;0;98164
201;2;0;34338;26;0.07692308;0.26923078;0.23076923;0.07692308;0.23076923;0.115384616;0.46153846;0.61538464;0;59519
275;1;0;37606;44;0.09090909;0.11363637;0.18181819;0.18181819;0.20454545;0.22727273;0.4090909;0.54545456;0;99839
328;1;1;28805;48;0.16666667;0.14583333;0.16666667;0.16666667;0.14583333;0.20833333;0.41666666;0.7916667;0;93853
209;0;0;47023;35;0.34285715;0.114285715;0.25714287;0.08571429;0.057142857;0.14285715;0.2857143;0.51428574;0;22894
395;0;1;56767;6;0.33333334;0.33333334;0.0;0.33333334;0.0;0.0;0.5;0.5;0;2230
25;3;0;95239;34;0.20588236;0.11764706;0.0882353;0.20588236;0.20588236;0.1764706;0.32352942;0.0;0;93746
171;5;1;49936;24;0.16666667;0.125;0.16666667;0.25;0.125;0.16666667;0.5;0.45833334;0;78666
154;3;1;2367;7;0.2857143;0.0;0.0;0.14285715;0.2857143;0.2857143;0.42857143;1.0;0;9595
244;2;1;68471;31;0.22580644;0.22580644;0.19354838;0.12903225;0.12903225;0.09677419;0.48387095;0.2580645;0;34624
232;1;1;93269;47;0.14893617;0.14893617;0.14893617;0.10638298;0.27659574;0.17021276;0.25531915;0.08510638;0;91532
399;2;0;3279;47;0.08510638;0.21276596;0.21276596;0.12765957;0.14893617;0.21276596;0.29787233;0.9787234;0;86734
337;5;0;58409;16;0.125;0.125;0.3125;0.1875;0.125;0.125;0.375;0.4375;0;71801
89;2;1;60935;40;0.1;0.25;0.125;0.15;0.2;0.175;0.4;0.525;0;88753
177;3;0;90149;17;0.11764706;0.3529412;0.1764706;0.11764706;0.11764706;0.11764706;0.4117647;0.05882353;0;11610
123;5;0;71207;18;0.16666667;0.16666667;0.22222222;0.2777778;0.11111111;0.055555556;0.3888889;0.16666667;0;50725
463;4;0;90155;30;0.23333333;0.2;0.3;0.13333334;0.033333335;0.1;0.26666668;0.06666667;0;20409
452;2;0;29202;22;0.13636364;0.045454547;0.3181818;0.18181819;0.18181819;0.13636364;0.4090909;0.72727275;0;69854
224;3;1;35273;36;0.16666667;0.19444445;0.1388889;0.11111111;0.19444445;0.19444445;0.44444445;0.6666667;0;86609
472;5;0;5705;20;0.2;0.25;0.05;0.05;0.2;0.25;0.55;0.95;0;99074
48;4;0;82376;3;0.0;0.6666667;0.0;0.33333334;0.0;0.0;0.6666667;0.33333334;0;64242
435;2;1;37584;26;0.15384616;0.15384616;0.07692308;0.15384616;0.115384616;0.34615386;0.5;0.6923077;0;72592
278;4;0;45413;9;0.11111111;0.11111111;0.0;0.22222222;0.22222222;0.33333334;0.44444445;0.5555556;0;28685
252;0;1;46763;42;0.11904762;0.21428572;0.21428572;0.16666667;0.14285715;0.14285715;0.2857143;0.45238096;0;93348
419;1;1;58451;15;0.0;0.0;0.33333334;0.06666667;0.4;0.2;0.26666668;0.6;0;55671
466;1;1;13784;46;0.19565217;0.04347826;0.17391305;0.3478261;0.10869565;0.13043478;0.3478261;0.9130435;0;90111
225;3;0;28359;5;0.0;0.4;0.0;0.0;0.0;0.6;0.2;0.8;0;3183
319;1;0;32863;12;0.16666667;0.16666667;0.25;0.25;0.0;0.16666667;0.25;0.5833333;0;5944
246;0;1;50394;22;0.4090909;0.13636364;0.045454547;0.22727273;0.0;0.18181819;0.3181818;0.36363637;0;31703
16;5;0;38386;34;0.11764706;0.11764706;0.29411766;0.11764706;0.0882353;0.2647059;0.32352942;0.7058824;0;90262
227;0;0;71518;17;0.29411766;0.0;0.23529412;0.05882353;0.1764706;0.23529412;0.23529412;0.3529412;0;13291
168;5;1;67574;1;0.0;0.0;0.0;1.0;0.0;0.0;0.0;0.0;1;3270
360;3;0;97212;4;0.25;0.0;0.25;0.25;0.0;0.25;0.75;0.0;0;7069
372;1;0;56806;13;0.23076923;0.15384616;0.07692308;0.23076923;0.23076923;0.07692308;0.30769232;0.23076923;0;18623
47;1;1;59502;34;0.1764706;0.11764706;0.20588236;0.20588236;0.23529412;0.05882353;0.5882353;0.38235295;0;89114
25;4;0;57645;8;0.125;0.125;0.25;0.375;0.125;0.0;0.375;0.625;0;24773
399;4;1;17748;2;0.5;0.0;0.0;0.5;0.0;0.0;0.0;1.0;1;3434
143;2;0;66861;44;0.1590909;0.11363637;0.1590909;0.11363637;0.20454545;0.25;0.36363637;0.4090909;0;95218
264;4;0;28075;16;0.1875;0.1875;0.25;0.0625;0.125;0.1875;0.5625;0.625;0;72701
93;5;0;10142;25;0.12;0.2;0.08;0.12;0.24;0.24;0.28;0.96;0;78103
277;5;1;67433;7;0.2857143;0.2857143;0.14285715;0.14285715;0.0;0.14285715;0.5714286;0.2857143;1;23343
344;3;0;24576;47;0.21276596;0.17021276;0.14893617;0.21276596;0.21276596;0.04255319;0.38297874;0.78723407;0;71315
297;1;1;82014;12;0.0;0.25;0.16666667;0.25;0.083333336;0.25;0.33333334;0.16666667;0;68669
55;5;1;21260;16;0.1875;0.3125;0.25;0.1875;0.0;0.0625;0.375;0.75;0;21355
453;4;0;89100;23;0.13043478;0.04347826;0.26086956;0.08695652;0.2173913;0.26086956;0.2173913;0.17391305;0;89676
211;0;1;42495;18;0.3888889;0.0;0.22222222;0.16666667;0.11111111;0.11111111;0.33333334;0.33333334;0;25137
44;3;0;21252;40;0.25;0.05;0.175;0.225;0.175;0.125;0.475;0.85;0;94201
73;1;0;43494;20;0.2;0.15;0.25;0.15;0.0;0.25;0.4;0.65;0;79693
309;3;0;4589;40;0.125;0.275;0.15;0.175;0.15;0.125;0.35;1.0;0;92447
169;4;0;7891;3;0.0;0.33333334;0.0;0.33333334;0.0;0.33333334;1.0;1.0;0;21658
85;4;0;70416;17;0.23529412;0.29411766;0.1764706;0.05882353;0.05882353;0.1764706;0.3529412;0.5294118;0;8587
87;2;1;76785;25;0.12;0.12;0.24;0.28;0.08;0.16;0.2;0.16;0;58187
350;5;1;60016;34;0.11764706;0.20588236;0.11764706;0.20588236;0.1764706;0.1764706;0.4117647;0.44117647;0;83864
244;0;1;99827;24;0.041666668;0.29166666;0.16666667;0.16666667;0.20833333;0.125;0.33333334;0.0;0;34382
57;2;0;50521;35;0.114285715;0.25714287;0.25714287;0.17142858;0.114285715;0.08571429;0.45714286;0.51428574;0;72168
299;5;1;29028;17;0.11764706;0.11764706;0.11764706;0.29411766;0.1764706;0.1764706;0.11764706;0.7647059;0;29802
293;1;0;77610;41;0.2195122;0.12195122;0.048780486;0.2682927;0.14634146;0.19512194;0.36585367;0.24390244;0;84371
492;3;0;64133;35;0.114285715;0.2;0.2;0.2;0.114285715;0.17142858;0.37142858;0.37142858;0;74398
20;3;0;53758;27;0.074074075;0.18518518;0.22222222;0.22222222;0.11111111;0.18518518;0.4814815;0.44444445;0;92264
80;0;0;88171;23;0.2173913;0.08695652;0.2173913;0.13043478;0.26086956;0.08695652;0.3478261;0.04347826;0;80260
287;2;0;13911;45;0.08888889;0.13333334;0.22222222;0.15555556;0.17777778;0.22222222;0.24444444;0.95555556;0;92946
209;0;1;11846;23;0.17391305;0.17391305;0.3043478;0.13043478;0.17391305;0.04347826;0.6086956;0.82608694;0;80250
160;2;0;22448;41;0.09756097;0.12195122;0.19512194;0.24390244;0.19512194;0.14634146;0.34146342;0.80487806;0;77826
427;1;0;64841;37;0.21621622;0.08108108;0.054054055;0.2972973;0.1891892;0.16216215;0.4054054;0.2972973;0;92598
104;3;0;26597;15;0.26666668;0.2;0.06666667;0.2;0.13333334;0.13333334;0.4;0.6666667;0;28197
500;3;1;74097;9;0.11111111;0.0;0.11111111;0.33333334;0.11111111;0.33333334;0.5555556;0.22222222;0;87305
229;3;0;4884;16;0.4375;0.125;0.125;0.25;0.0625;0.0;0.3125;0.9375;0;85996
146;4;1;75660;22;0.09090909;0.22727273;0.18181819;0.09090909;0.09090909;0.3181818;0.4090909;0.3181818;0;80263
271;3;1;87362;17;0.3529412;0.05882353;0.05882353;0.05882353;0.1764706;0.29411766;0.4117647;0.1764706;0;98068
132;1;0;52305;22;0.13636364;0.13636364;0.3181818;0.045454547;0.22727273;0.13636364;0.3181818;0.54545456;0;97904
293;4;0;57513;49;0.10204082;0.12244898;0.2244898;0.20408164;0.1632653;0.18367347;0.30612245;0.48979592;0;83652
245;5;0;87485;41;0.12195122;0.12195122;0.19512194;0.09756097;0.29268292;0.17073171;0.29268292;0.07317073;0;88955
14;3;0;18776;20;0.2;0.05;0.15;0.25;0.3;0.05;0.4;0.75;0;60427
474;5;0;97615;32;0.09375;0.15625;0.28125;0.15625;0.1875;0.125;0.3125;0.0625;0;81974
106;0;0;25315;10;0.4;0.0;0.1;0.3;0.2;0.0;0.4;0.9;0;16992
174;3;0;11450;43;0.18604651;0.20930232;0.13953489;0.20930232;0.13953489;0.11627907;0.55813956;0.9767442;0;86273
478;4;0;32722;18;0.055555556;0.22222222;0.16666667;0.11111111;0.16666667;0.2777778;0.2777778;0.7222222;0;63630
354;5;0;63072;44;0.09090909;0.25;0.13636364;0.20454545;0.09090909;0.22727273;0.38636363;0.38636363;0;72772
459;2;1;23628;44;0.13636364;0.22727273;0.13636364;0.20454545;0.09090909;0.20454545;0.36363637;0.8181818;0;96559
338;5;1;30420;41;0.19512194;0.24390244;0.14634146;0.19512194;0.14634146;0.07317073;0.41463414;0.75609756;0;94337
189;3;1;68103;9;0.11111111;0.22222222;0.11111111;0.0;0.33333334;0.22222222;0.22222222;0.44444445;1;64258
80;3;0;92968;32;0.1875;0.1875;0.125;0.125;0.1875;0.1875;0.40625;0.09375;0;77020
177;5;0;18564;30;0.26666668;0.13333334;0.16666667;0.2;0.13333334;0.1;0.43333334;0.8333333;0;87032
399;1;0;62801;38;0.15789473;0.078947365;0.10526316;0.31578946;0.13157895;0.21052632;0.28947368;0.39473686;0;95673
137;4;0;81982;7;0.0;0.14285715;0.42857143;0.0;0.14285715;0.2857143;0.2857143;0.0;0;11537
469;3;0;51628;20;0.25;0.1;0.15;0.15;0.1;0.25;0.2;0.65;0;10626
419;4;1;12202;3;0.33333334;0.33333334;0.33333334;0.0;0.0;0.0;0.33333334;0.6666667;1;8060
99;2;0;62493;29;0.10344828;0.13793103;0.13793103;0.20689656;0.2413793;0.1724138;0.27586207;0.4827586;0;40509
430;0;1;64029;46;0.26086956;0.08695652;0.13043478;0.08695652;0.19565217;0.23913044;0.3478261;0.45652175;0;94929
280;2;1;35709;28;0.21428572;0.10714286;0.14285715;0.2857143;0.035714287;0.21428572;0.32142857;0.71428573;0;92236
151;1;1;69352;24;0.29166666;0.25;0.083333336;0.083333336;0.16666667;0.125;0.33333334;0.29166666;0;75135
481;0;0;12552;40;0.175;0.15;0.125;0.175;0.15;0.225;0.375;0.925;0;83455
435;2;0;63591;7;0.14285715;0.14285715;0.14285715;0.0;0.2857143;0.2857143;0.42857143;0.5714286;0;7481
45;0;0;25660;30;0.23333333;0.16666667;0.1;0.2;0.16666667;0.13333334;0.36666667;0.9;0;85033
483;5;1;45728;40;0.1;0.275;0.275;0.25;0.05;0.05;0.275;0.55;0;53897
112;4;0;15752;41;0.19512194;0.2195122;0.17073171;0.17073171;0.07317073;0.17073171;0.36585367;0.9268293;0;82389
424;0;0;55402;29;0.10344828;0.13793103;0.2413793;0.1724138;0.1724138;0.1724138;0.37931034;0.41379312;0;79266
463;5;1;38683;29;0.13793103;0.0;0.20689656;0.13793103;0.31034482;0.20689656;0.44827586;0.6551724;0;97271
291;1;1;23713;29;0.1724138;0.1724138;0.2413793;0.03448276;0.10344828;0.27586207;0.4827586;0.82758623;0;91770
215;3;1;84135;13;0.3846154;0.15384616;0.15384616;0.15384616;0.07692308;0.07692308;0.46153846;0.15384616;1;83212
387;0;0;72927;34;0.20588236;0.1764706;0.20588236;0.20588236;0.05882353;0.14705883;0.2647059;0.11764706;0;65879
361;2;0;86468;26;0.26923078;0.15384616;0.1923077;0.15384616;0.0;0.23076923;0.34615386;0.115384616;0;82784
30;5;1;37128;43;0.20930232;0.18604651;0.13953489;0.13953489;0.11627907;0.20930232;0.30232558;0.7209302;0;89139
231;4;0;47891;11;0.18181819;0.27272728;0.18181819;0.18181819;0.0;0.18181819;0.36363637;0.54545456;0;4866
458;2;1;55105;13;0.0;0.23076923;0.07692308;0.15384616;0.30769232;0.23076923;0.15384616;0.53846157;0;94707
287;2;1;5314;44;0.22727273;0.13636364;0.09090909;0.1590909;0.18181819;0.20454545;0.38636363;0.97727275;0;87863
424;5;0;19114;36;0.1388889;0.2777778;0.1388889;0.25;0.11111111;0.083333336;0.30555555;0.8888889;0;88484
152;4;0;61298;22;0.27272728;0.27272728;0.18181819;0.045454547;0.13636364;0.09090909;0.4090909;0.4090909;0;20030
65;3;0;42459;36;0.16666667;0.25;0.16666667;0.16666667;0.11111111;0.1388889;0.41666666;0.5555556;0;97195
26;1;1;79082;23;0.08695652;0.26086956;0.08695652;0.2173913;0.17391305;0.17391305;0.3043478;0.3043478;0;31063
77;4;0;33745;41;0.14634146;0.14634146;0.19512194;0.19512194;0.12195122;0.19512194;0.29268292;0.75609756;0;75342
320;3;0;88573;27;0.11111111;0.22222222;0.25925925;0.14814815;0.22222222;0.037037037;0.2962963;0.037037037;0;66377
256;0;0;21444;43;0.18604651;0.18604651;0.1627907;0.13953489;0.11627907;0.20930232;0.41860464;0.88372093;0;97110
431;5;0;34924;41;0.19512194;0.17073171;0.17073171;0.2195122;0.12195122;0.12195122;0.2195122;0.73170733;0;91768
477;1;0;87200;46;0.2173913;0.19565217;0.10869565;0.23913044;0.08695652;0.1521739;0.39130434;0.10869565;0;89646
488;2;0;33804;47;0.19148937;0.23404256;0.12765957;0.12765957;0.12765957;0.19148937;0.42553192;0.65957445;0;90602
343;2;1;69834;17;0.1764706;0.05882353;0.23529412;0.11764706;0.11764706;0.29411766;0.4117647;0.29411766;0;87445
366;1;0;25207;49;0.1632653;0.1632653;0.20408164;0.14285715;0.20408164;0.12244898;0.46938777;0.877551;0;95795
241;2;1;53247;22;0.18181819;0.18181819;0.13636364;0.09090909;0.22727273;0.18181819;0.22727273;0.3181818;0;8265
456;4;1;34407;30;0.23333333;0.2;0.16666667;0.1;0.26666668;0.033333335;0.4;0.6;0;73971
291;1;0;33066;29;0.13793103;0.06896552;0.1724138;0.1724138;0.1724138;0.27586207;0.31034482;0.7241379;0;97527
97;5;0;7140;5;0.2;0.0;0.2;0.2;0.2;0.2;0.6;0.8;0;58350
204;0;1;42573;14;0.14285715;0.21428572;0.0;0.21428572;0.21428572;0.21428572;0.5;0.5;0;89256
174;1;1;59342;16;0.3125;0.125;0.125;0.1875;0.125;0.125;0.375;0.5625;0;93488
396;5;0;88700;8;0.125;0.125;0.125;0.125;0.125;0.375;0.125;0.0;0;5716
156;1;0;24606;13;0.15384616;0.15384616;0.15384616;0.15384616;0.0;0.3846154;0.23076923;0.53846157;0;5396
227;4;1;78873;4;0.25;0.0;0.0;0.25;0.5;0.0;0.75;0.25;0;86985
441;5;0;1238;21;0.1904762;0.14285715;0.23809524;0.14285715;0.0;0.2857143;0.1904762;1.0;0;6721
216;2;1;59659;16;0.125;0.0625;0.25;0.0625;0.375;0.125;0.375;0.3125;0;55590
309;5;0;18621;2;0.0;0.0;0.0;0.0;0.5;0.5;0.5;0.5;0;1651
299;2;0;28374;42;0.071428575;0.11904762;0.21428572;0.1904762;0.1904762;0.21428572;0.3809524;0.71428573;0;80558
10;3;0;48243;16;0.125;0.25;0.25;0.0625;0.125;0.1875;0.5;0.5;0;4599
176;4;0;89429;19;0.15789473;0.10526316;0.2631579;0.15789473;0.2631579;0.05263158;0.42105263;0.05263158;0;93103
79;3;1;56600;4;0.25;0.5;0.0;0.0;0.25;0.0;0.5;0.5;0;66825
120;3;0;82188;11;0.09090909;0.27272728;0.09090909;0.09090909;0.27272728;0.18181819;0.36363637;0.09090909;0;75458
272;3;0;56799;7;0.2857143;0.2857143;0.14285715;0.0;0.14285715;0.14285715;0.71428573;0.5714286;0;29347
138;4;1;56185;41;0.24390244;0.07317073;0.12195122;0.19512194;0.17073171;0.19512194;0.4878049;0.3902439;0;96809
497;5;1;58615;33;0.121212125;0.121212125;0.18181819;0.24242425;0.18181819;0.15151516;0.3939394;0.36363637;0;93677
25;5;1;66313;35;0.25714287;0.2;0.028571429;0.2;0.2;0.114285715;0.54285717;0.25714287;0;82165
126;1;0;47496;24;0.125;0.25;0.083333336;0.125;0.25;0.16666667;0.5;0.5833333;0;89942
16;1;1;10588;36;0.19444445;0.22222222;0.055555556;0.1388889;0.2777778;0.11111111;0.41666666;1.0;0;87741
272;2;0;5949;35;0.17142858;0.17142858;0.17142858;0.14285715;0.22857143;0.114285715;0.25714287;0.8857143;0;71493
342;3;1;37103;9;0.0;0.0;0.33333334;0.22222222;0.33333334;0.11111111;0.11111111;0.6666667;0;37896
232;5;1;26002;41;0.12195122;0.24390244;0.09756097;0.14634146;0.24390244;0.14634146;0.3902439;0.73170733;0;96389
302;3;1;96076;20;0.05;0.2;0.05;0.25;0.2;0.25;0.55;0.05;0;98942
270;4;0;80274;21;0.23809524;0.14285715;0.04761905;0.0952381;0.33333334;0.14285715;0.47619048;0.1904762;0;87209
481;4;1;38035;14;0.21428572;0.21428572;0.071428575;0.14285715;0.14285715;0.21428572;0.35714287;0.71428573;0;68029
20;0;1;21392;25;0.2;0.16;0.24;0.16;0.12;0.12;0.24;0.76;0;33795
130;3;0;64151;34;0.20588236;0.1764706;0.20588236;0.05882353;0.2647059;0.0882353;0.5;0.47058824;0;93619
258;2;1;25242;4;0.25;0.0;0.25;0.0;0.25;0.25;0.5;1.0;0;6233
278;2;1;16611;41;0.14634146;0.19512194;0.17073171;0.14634146;0.07317073;0.2682927;0.3902439;0.902439;0;97864
462;3;0;94804;46;0.08695652;0.17391305;0.13043478;0.19565217;0.1521739;0.26086956;0.32608697;0.0;0;79435
286;3;0;15800;7;0.0;0.2857143;0.14285715;0.14285715;0.14285715;0.2857143;0.2857143;1.0;0;65306
451;0;0;85326;15;0.13333334;0.26666668;0.13333334;0.26666668;0.0;0.2;0.46666667;0.06666667;0;33339
438;3;1;82908;28;0.21428572;0.10714286;0.21428572;0.10714286;0.21428572;0.14285715;0.35714287;0.21428572;0;92911
407;2;0;32761;15;0.13333334;0.2;0.2;0.06666667;0.2;0.2;0.4;0.8;0;74577
329;0;0;35623;31;0.09677419;0.19354838;0.22580644;0.12903225;0.16129032;0.19354838;0.19354838;0.5483871;0;15912
51;2;1;86465;43;0.1627907;0.11627907;0.20930232;0.23255815;0.13953489;0.13953489;0.39534885;0.069767445;0;88627
17;1;1;61470;27;0.074074075;0.22222222;0.074074075;0.11111111;0.33333334;0.18518518;0.25925925;0.44444445;0;87559
467;4;1;60163;19;0.31578946;0.21052632;0.10526316;0.15789473;0.05263158;0.15789473;0.5263158;0.5263158;0;83997
227;5;1;16073;22;0.09090909;0.18181819;0.22727273;0.09090909;0.27272728;0.13636364;0.5;0.77272725;0;45145
402;0;0;27611;35;0.25714287;0.114285715;0.08571429;0.14285715;0.22857143;0.17142858;0.37142858;0.74285716;0;95575
246;2;1;62733;36;0.19444445;0.11111111;0.1388889;0.30555555;0.1388889;0.11111111;0.30555555;0.2777778;0;96266
201;0;1;50430;44;0.20454545;0.20454545;0.22727273;0.1590909;0.06818182;0.13636364;0.36363637;0.4318182;0;92785
43;0;1;75445;27;0.25925925;0.11111111;0.074074075;0.2962963;0.18518518;0.074074075;0.4074074;0.18518518;0;74742
254;5;0;7641;42;0.1904762;0.1904762;0.1904762;0.16666667;0.071428575;0.1904762;0.30952382;0.9047619;0;97404
331;2;0;19925;28;0.17857143;0.071428575;0.25;0.10714286;0.17857143;0.21428572;0.25;0.75;0;70092
366;4;0;80965;17;0.23529412;0.05882353;0.11764706;0.11764706;0.1764706;0.29411766;0.5294118;0.05882353;0;87790
161;1;0;18217;17;0.0;0.1764706;0.11764706;0.05882353;0.3529412;0.29411766;0.3529412;0.8235294;0;93341
368;3;0;81138;8;0.375;0.0;0.125;0.25;0.125;0.125;0.5;0.25;0;17382
367;2;0;40679;8;0.25;0.25;0.25;0.0;0.25;0.0;0.375;0.5;0;9189
316;2;1;14721;8;0.125;0.125;0.125;0.375;0.0;0.25;0.625;1.0;0;62973
199;5;1;933;49;0.12244898;0.1632653;0.1632653;0.18367347;0.20408164;0.1632653;0.2857143;1.0;0;76383
445;2;1;51388;5;0.0;0.4;0.2;0.0;0.4;0.0;0.8;0.2;0;24947
301;2;1;41494;27;0.14814815;0.22222222;0.11111111;0.2962963;0.074074075;0.14814815;0.5185185;0.5185185;0;76696
83;4;1;40392;7;0.2857143;0.0;0.0;0.0;0.14285715;0.5714286;0.42857143;0.42857143;1;36539
284;2;0;8190;46;0.19565217;0.10869565;0.19565217;0.17391305;0.13043478;0.19565217;0.3478261;0.8913044;0;86438
396;4;0;57003;47;0.10638298;0.21276596;0.14893617;0.23404256;0.19148937;0.10638298;0.3617021;0.42553192;0;92239
101;4;1;53903;37;0.21621622;0.1891892;0.1891892;0.054054055;0.16216215;0.1891892;0.3783784;0.3783784;0;74640
228;1;0;85027;49;0.2244898;0.2857143;0.08163265;0.1632653;0.18367347;0.06122449;0.46938777;0.1632653;0;84835
350;3;1;94889;6;0.16666667;0.0;0.33333334;0.16666667;0.33333334;0.0;0.33333334;0.0;1;81873
81;0;0;74407;49;0.06122449;0.26530612;0.20408164;0.18367347;0.06122449;0.2244898;0.3469388;0.18367347;0;63900
254;1;0;7077;41;0.17073171;0.14634146;0.14634146;0.19512194;0.17073171;0.17073171;0.4390244;0.8780488;0;92813
174;0;0;45491;39;0.23076923;0.23076923;0.17948718;0.07692308;0.102564104;0.17948718;0.2820513;0.61538464;0;29853
396;4;1;67752;38;0.23684211;0.15789473;0.2631579;0.13157895;0.18421052;0.02631579;0.36842105;0.23684211;0;87926
179;2;1;76638;25;0.2;0.12;0.2;0.28;0.08;0.12;0.4;0.16;0;94021
164;1;0;18222;30;0.16666667;0.13333334;0.23333333;0.2;0.16666667;0.1;0.43333334;0.8;0;59257
112;0;1;26806;7;0.14285715;0.0;0.14285715;0.0;0.42857143;0.2857143;0.5714286;1.0;0;67819
346;5;1;77895;14;0.2857143;0.14285715;0.071428575;0.14285715;0.14285715;0.21428572;0.5;0.35714287;1;37650
170;5;0;96295;6;0.16666667;0.16666667;0.16666667;0.16666667;0.16666667;0.16666667;0.16666667;0.0;0;5142
103;0;1;87821;34;0.11764706;0.14705883;0.1764706;0.14705883;0.1764706;0.23529412;0.5588235;0.1764706;0;99595
24;0;1;90468;40;0.1;0.175;0.125;0.15;0.225;0.225;0.35;0.175;0;91573
59;2;1;907;12;0.25;0.16666667;0.0;0.25;0.16666667;0.16666667;0.5833333;1.0;0;67634
194;4;0;94792;46;0.19565217;0.23913044;0.13043478;0.17391305;0.1521739;0.10869565;0.5;0.06521739;0;94463
180;1;1;38350;47;0.17021276;0.12765957;0.12765957;0.10638298;0.25531915;0.21276596;0.27659574;0.78723407;0;67227
30;0;0;92500;45;0.13333334;0.13333334;0.24444444;0.11111111;0.11111111;0.26666668;0.31111112;0.022222223;0;70885
360;5;0;46485;9;0.22222222;0.11111111;0.0;0.44444445;0.0;0.22222222;0.22222222;0.44444445;0;6104
55;5;0;35498;1;0.0;0.0;1.0;0.0;0.0;0.0;1.0;1.0;0;1829
328;5;1;52209;6;0.33333334;0.0;0.0;0.0;0.33333334;0.33333334;0.16666667;0.33333334;0;88395
178;4;0;58589;4;0.25;0.0;0.0;0.25;0.5;0.0;0.25;0.0;0;2958
238;5;1;76164;37;0.054054055;0.27027026;0.3243243;0.16216215;0.054054055;0.13513513;0.35135135;0.2972973;0;77370
146;2;0;49395;18;0.22222222;0.16666667;0.16666667;0.22222222;0.22222222;0.0;0.2777778;0.44444445;0;83134
227;0;0;25458;39;0.17948718;0.15384616;0.23076923;0.102564104;0.12820514;0.20512821;0.33333334;0.74358976;0;97364
308;4;1;60332;10;0.1;0.3;0.0;0.4;0.2;0.0;0.4;0.6;0;64466
195;2;0;31285;44;0.1590909;0.1590909;0.18181819;0.18181819;0.1590909;0.1590909;0.38636363;0.65909094;0;97663
413;3;0;23616;29;0.1724138;0.20689656;0.20689656;0.20689656;0.06896552;0.13793103;0.44827586;0.62068963;0;95903
428;5;0;15356;46;0.08695652;0.08695652;0.1521739;0.2826087;0.1521739;0.23913044;0.3478261;0.8913044;0;95140
269;1;0;35982;40;0.225;0.075;0.35;0.125;0.15;0.075;0.3;0.675;0;22498
287;1;1;18448;28;0.14285715;0.17857143;0.17857143;0.14285715;0.17857143;0.17857143;0.21428572;0.78571427;0;99501
323;2;1;65210;39;0.12820514;0.17948718;0.102564104;0.15384616;0.20512821;0.23076923;0.41025642;0.25641027;0;91621
456;2;0;2991;19;0.21052632;0.10526316;0.21052632;0.2631579;0.21052632;0.0;0.21052632;1.0;0;19735
17;2;0;30688;41;0.14634146;0.12195122;0.19512194;0.024390243;0.17073171;0.34146342;0.3902439;0.68292683;0;95043
435;3;0;69312;5;0.0;0.4;0.0;0.0;0.4;0.2;0.2;0.4;0;5348
293;4;0;3952;11;0.09090909;0.18181819;0.0;0.45454547;0.18181819;0.09090909;0.09090909;1.0;0;4868
70;3;0;51952;21;0.1904762;0.23809524;0.1904762;0.1904762;0.04761905;0.14285715;0.42857143;0.6666667;0;93946
182;4;0;79385;11;0.27272728;0.09090909;0.18181819;0.0;0.36363637;0.09090909;0.36363637;0.18181819;0;98474
247;4;0;22833;33;0.21212122;0.060606062;0.121212125;0.15151516;0.21212122;0.24242425;0.3030303;0.6969697;0;97310
325;3;1;67694;19;0.10526316;0.31578946;0.0;0.2631579;0.10526316;0.21052632;0.31578946;0.15789473;0;89324
55;4;0;73465;27;0.14814815;0.22222222;0.11111111;0.18518518;0.18518518;0.14814815;0.4814815;0.2962963;0;91161
